Date,Close
02/06/2015,9900
03/06/2015,9900
04/06/2015,9850
05/06/2015,9800
06/06/2015,9975
07/06/2015,9925
08/06/2015,9875
09/06/2015,10125
10/06/2015,10238
11/06/2015,10188
12/06/2015,10138
13/06/2015,10088
14/06/2015,10124
15/06/2015,10212
16/06/2015,10162
17/06/2015,10112
18/06/2015,10206
19/06/2015,10156
20/06/2015,10106
22/06/2015,10219
23/06/2015,10169
24/06/2015,10119
25/06/2015,10069
26/06/2015,10019
27/06/2015,9969
28/06/2015,9919
29/06/2015,9869
30/06/2015,9819
01/07/2015,9769
02/07/2015,9907
03/07/2015,10032
04/07/2015,9982
05/07/2015,9932
06/07/2015,9882
07/07/2015,9832
08/07/2015,10057
09/07/2015,10120
10/07/2015,10070
11/07/2015,10020
12/07/2015,9970
13/07/2015,10083
14/07/2015,10033
15/07/2015,9983
16/07/2015,9933
17/07/2015,9883
18/07/2015,9833
19/07/2015,9783
20/07/2015,9733
21/07/2015,9683
23/07/2015,9723
24/07/2015,9673
25/07/2015,9623
26/07/2015,9652
27/07/2015,9602
28/07/2015,9552
29/07/2015,9502
30/07/2015,9452
31/07/2015,9602
01/08/2015,9552
02/08/2015,9502
03/08/2015,9544
04/08/2015,9494
06/08/2015,9444
07/08/2015,9394
08/08/2015,9482
10/08/2015,9432
11/08/2015,9382
12/08/2015,9332
13/08/2015,9282
14/08/2015,9232
15/08/2015,9182
16/08/2015,9276
17/08/2015,9376
19/08/2015,9326
20/08/2015,9426
21/08/2015,9676
22/08/2015,9626
23/08/2015,9576
24/08/2015,9526
25/08/2015,9476
26/08/2015,9426
27/08/2015,9526
28/08/2015,9726
29/08/2015,9676
30/08/2015,9626
31/08/2015,9707
01/09/2015,9882
02/09/2015,9832
04/09/2015,9982
05/09/2015,9932
06/09/2015,9882
07/09/2015,9832
08/09/2015,9782
09/09/2015,9732
10/09/2015,9982
11/09/2015,10070
12/09/2015,10020
14/09/2015,9970
15/09/2015,10120
16/09/2015,10070
17/09/2015,10020
18/09/2015,9970
19/09/2015,9920
21/09/2015,10145
22/09/2015,10095
23/09/2015,10045
24/09/2015,9995
25/09/2015,9945
26/09/2015,9895
27/09/2015,9845
28/09/2015,9795
29/09/2015,9745
30/09/2015,9778
01/10/2015,9728
02/10/2015,9678
03/10/2015,9628
04/10/2015,9661
05/10/2015,9611
06/10/2015,9561
07/10/2015,9511
08/10/2015,9611
09/10/2015,9561
10/10/2015,9728
11/10/2015,9678
12/10/2015,9628
13/10/2015,9578
14/10/2015,9528
15/10/2015,9478
16/10/2015,9541
17/10/2015,9491
18/10/2015,9531
19/10/2015,9644
20/10/2015,9894
21/10/2015,9957
22/10/2015,9907
23/10/2015,9857
24/10/2015,9807
25/10/2015,9895
26/10/2015,9958
27/10/2015,9908
28/10/2015,9858
29/10/2015,9808
30/10/2015,9871
31/10/2015,9821
01/11/2015,9771
02/11/2015,9721
03/11/2015,9671
04/11/2015,9621
05/11/2015,9571
06/11/2015,9521
07/11/2015,9471
08/11/2015,9421
09/11/2015,9521
10/11/2015,9471
11/11/2015,9421
12/11/2015,9481
13/11/2015,9431
14/11/2015,9381
15/11/2015,9426
16/11/2015,9376
17/11/2015,9326
18/11/2015,9276
19/11/2015,9226
20/11/2015,9276
21/11/2015,9370
22/11/2015,9320
23/11/2015,9270
24/11/2015,9383
25/11/2015,9452
26/11/2015,9477
27/11/2015,9427
28/11/2015,9377
29/11/2015,9490
30/11/2015,9603
01/12/2015,9553
02/12/2015,9653
03/12/2015,9603
04/12/2015,9553
05/12/2015,9503
06/12/2015,9453
07/12/2015,9403
08/12/2015,9353
09/12/2015,9303
10/12/2015,9403
11/12/2015,9603
12/12/2015,9553
13/12/2015,9503
14/12/2015,9453
15/12/2015,9403
16/12/2015,9353
17/12/2015,9303
18/12/2015,9253
19/12/2015,9203
20/12/2015,9153
21/12/2015,9103
22/12/2015,9216
26/12/2015,9166
27/12/2015,9116
28/12/2015,9066
29/12/2015,9016
30/12/2015,8966
31/12/2015,9104
01/01/2015,9054
02/01/2016,9104
03/01/2016,9144
04/01/2016,9094
05/01/2016,9044
06/01/2016,8994
07/01/2016,8944
08/01/2016,8994
09/01/2016,8944
10/01/2016,8894
11/01/2016,8844
12/01/2016,8794
13/01/2016,8744
14/01/2016,8694
15/01/2016,8754
16/01/2016,8704
17/01/2016,8654
18/01/2016,8714
19/01/2016,8664
21/01/2016,8614
23/01/2016,8727
24/01/2016,8677
25/01/2016,8627
26/01/2016,8577
27/01/2016,8527
28/01/2016,8577
29/01/2016,8622
30/01/2016,8572
31/01/2016,8522
01/02/2016,8562
02/02/2016,8512
03/02/2016,8462
04/02/2016,8412
05/02/2016,8362
06/02/2016,8612
07/02/2016,8652
08/02/2016,8802
09/02/2016,8752
10/02/2016,8702
11/02/2016,8652
12/02/2016,8602
13/02/2016,8552
14/02/2016,8577
15/02/2016,8527
16/02/2016,8572
17/02/2016,8522
18/02/2016,8722
19/02/2016,8672
20/02/2016,8622
21/02/2016,8572
22/02/2016,8522
23/02/2016,8672
24/02/2016,8705
25/02/2016,8655
26/02/2016,8605
27/02/2016,8905
28/02/2016,9030
29/02/2016,8980
01/03/2016,9013
02/03/2016,8963
03/03/2016,9163
04/03/2016,9113
05/03/2016,9063
06/03/2016,9013
07/03/2016,8963
08/03/2016,9032
09/03/2016,8982
10/03/2016,8932
11/03/2016,8882
12/03/2016,9582
13/03/2016,9532
14/03/2016,9482
15/03/2016,9432
16/03/2016,9382
17/03/2016,9332
18/03/2016,9282
19/03/2016,9232
20/03/2016,9182
21/03/2016,9132
22/03/2016,9168
23/03/2016,9118
24/03/2016,9068
25/03/2016,9218
26/03/2016,9168
27/03/2016,9118
28/03/2016,9068
29/03/2016,9018
30/03/2016,8968
31/03/2016,8918
01/04/2016,8868
02/04/2016,8818
03/04/2016,8768
04/04/2016,8718
05/04/2016,8806
06/04/2016,8944
07/04/2016,8894
08/04/2016,8844
09/04/2016,8794
10/04/2016,8744
11/04/2016,8857
13/04/2016,8807
14/04/2016,8757
15/04/2016,8707
16/04/2016,8820
17/04/2016,8770
18/04/2016,8720
19/04/2016,8670
20/04/2016,8770
21/04/2016,8720
22/04/2016,8895
23/04/2016,8845
24/04/2016,8995
25/04/2016,8945
26/04/2016,9545
27/04/2016,9495
28/04/2016,9445
29/04/2016,9558
30/04/2016,9508
01/05/2016,9458
02/05/2016,9408
03/05/2016,9358
04/05/2016,9308
05/05/2016,9383
06/05/2016,9333
07/05/2016,9283
08/05/2016,9233
09/05/2016,9183
11/05/2016,9133
13/05/2016,9227
14/05/2016,9177
15/05/2016,9210
16/05/2016,9160
17/05/2016,9110
18/05/2016,9060
19/05/2016,9010
20/05/2016,8960
21/05/2016,9160
22/05/2016,9110
23/05/2016,9060
24/05/2016,9129
25/05/2016,9079
26/05/2016,9029
27/05/2016,8979
28/05/2016,8929
29/05/2016,8879
30/05/2016,8829
31/05/2016,8779
01/06/2016,8729
02/06/2016,8679
03/06/2016,8629
04/06/2016,8579
05/06/2016,8529
06/06/2016,8617
07/06/2016,8662
08/06/2016,8712
09/06/2016,8662
10/06/2016,8725
11/06/2016,8675
12/06/2016,8625
14/06/2016,8575
15/06/2016,8525
16/06/2016,8475
17/06/2016,8563
18/06/2016,8513
19/06/2016,8463
21/06/2016,8413
22/06/2016,8363
23/06/2016,8463
24/06/2016,8413
25/06/2016,8551
26/06/2016,8501
27/06/2016,8451
28/06/2016,8401
29/06/2016,8351
30/06/2016,8601
01/07/2016,8551
02/07/2016,8876
03/07/2016,8826
04/07/2016,8926
05/07/2016,9226
06/07/2016,9176
08/07/2016,9126
09/07/2016,9076
10/07/2016,9026
12/07/2016,8976
13/07/2016,8926
14/07/2016,8876
15/07/2016,8951
16/07/2016,8901
17/07/2016,8851
18/07/2016,8801
19/07/2016,8882
20/07/2016,8832
22/07/2016,8782
23/07/2016,8732
24/07/2016,8682
25/07/2016,8632
26/07/2016,8582
27/07/2016,8532
28/07/2016,8482
29/07/2016,8595
30/07/2016,8545
31/07/2016,8495
01/08/2016,8445
02/08/2016,8395
03/08/2016,8345
04/08/2016,8295
06/08/2016,8245
07/08/2016,8345
08/08/2016,8295
09/08/2016,8245
10/08/2016,8195
11/08/2016,8258
12/08/2016,8433
13/08/2016,8478
14/08/2016,8428
15/08/2016,8378
16/08/2016,8447
17/08/2016,8397
18/08/2016,8347
19/08/2016,8297
20/08/2016,8357
21/08/2016,8307
22/08/2016,8257
23/08/2016,8338
24/08/2016,8288
25/08/2016,8238
27/08/2016,8538
28/08/2016,8488
29/08/2016,8438
30/08/2016,8388
31/08/2016,8338
01/09/2016,8288
02/09/2016,8488
03/09/2016,8438
05/09/2016,8388
06/09/2016,8338
08/09/2016,8288
09/09/2016,8238
10/09/2016,8405
11/09/2016,8355
12/09/2016,8455
14/09/2016,8605
15/09/2016,8555
16/09/2016,8505
17/09/2016,8455
18/09/2016,8405
19/09/2016,8355
20/09/2016,8305
21/09/2016,8255
23/09/2016,8205
24/09/2016,8265
25/09/2016,8215
26/09/2016,8465
27/09/2016,8415
28/09/2016,8365
29/09/2016,8465
30/09/2016,8415
01/10/2016,8665
02/10/2016,8615
03/10/2016,8670
04/10/2016,8820
05/10/2016,8770
06/10/2016,8720
07/10/2016,8670
08/10/2016,8620
09/10/2016,8820
10/10/2016,8770
11/10/2016,8720
12/10/2016,8670
13/10/2016,8620
14/10/2016,8570
15/10/2016,8520
16/10/2016,8620
17/10/2016,8570
18/10/2016,8520
19/10/2016,8595
20/10/2016,8545
21/10/2016,8495
22/10/2016,8445
24/10/2016,8395
25/10/2016,8345
26/10/2016,8295
27/10/2016,8395
28/10/2016,8345
29/10/2016,8445
30/10/2016,8395
31/10/2016,8345
01/11/2016,8295
03/11/2016,8245
04/11/2016,8195
05/11/2016,8145
07/11/2016,8095
08/11/2016,8045
09/11/2016,7995
10/11/2016,8320
11/11/2016,8487
12/11/2016,8437
13/11/2016,8387
14/11/2016,8337
15/11/2016,8287
16/11/2016,8387
17/11/2016,8337
18/11/2016,8370
19/11/2016,8320
20/11/2016,8420
21/11/2016,8370
23/11/2016,8320
24/11/2016,8270
25/11/2016,8220
26/11/2016,8170
27/11/2016,8120
28/11/2016,8070
29/11/2016,8020
30/11/2016,7970
01/12/2016,7920
02/12/2016,7962
03/12/2016,7912
04/12/2016,7862
06/12/2016,7887
07/12/2016,7837
08/12/2016,7787
09/12/2016,8112
10/12/2016,8062
11/12/2016,8012
12/12/2016,7962
13/12/2016,7912
14/12/2016,7862
15/12/2016,7812
16/12/2016,7762
17/12/2016,7712
18/12/2016,7662
19/12/2016,7612
20/12/2016,7562
21/12/2016,7512
22/12/2016,7462
26/12/2016,7412
27/12/2016,7362
28/12/2016,7312
29/12/2016,7262
30/12/2016,7212
31/12/2016,7379
01/01/2017,7329
02/01/2017,7279
03/01/2017,7229
04/01/2017,7342
05/01/2017,7292
06/01/2017,7392
07/01/2017,7342
08/01/2017,7292
09/01/2017,7242
10/01/2017,7192
11/01/2017,7142
12/01/2017,7187
14/01/2017,7137
15/01/2017,7187
16/01/2017,7137
17/01/2017,7087
18/01/2017,7037
19/01/2017,6987
20/01/2017,6937
21/01/2017,6977
23/01/2017,6927
24/01/2017,6877
25/01/2017,6827
26/01/2017,6777
28/01/2017,6727
29/01/2017,6677
31/01/2017,6627
01/02/2017,6577
02/02/2017,6527
03/02/2017,6477
04/02/2017,6427
05/02/2017,6602
06/02/2017,6552
07/02/2017,6690
08/02/2017,6640
09/02/2017,6590
10/02/2017,6540
12/02/2017,6585
13/02/2017,6535
14/02/2017,6485
15/02/2017,6560
16/02/2017,6510
17/02/2017,6460
18/02/2017,6598
19/02/2017,6548
20/02/2017,6498
21/02/2017,6448
22/02/2017,6398
23/02/2017,6348
24/02/2017,6298
25/02/2017,6248
26/02/2017,6198
27/02/2017,6148
28/02/2017,6098
01/03/2017,6048
02/03/2017,5998
03/03/2017,5948
06/03/2017,5898
07/03/2017,5848
08/03/2017,5798
09/03/2017,5748
10/03/2017,5698
11/03/2017,5648
12/03/2017,5598
13/03/2017,5711
14/03/2017,5661
15/03/2017,5611
16/03/2017,5561
17/03/2017,5511
18/03/2017,5461
20/03/2017,5411
21/03/2017,5361
22/03/2017,5311
23/03/2017,5261
24/03/2017,5211
25/03/2017,5324
26/03/2017,5364
27/03/2017,5314
28/03/2017,5264
29/03/2017,5214
30/03/2017,5164
31/03/2017,5114
01/04/2017,5064
02/04/2017,5014
03/04/2017,5089
04/04/2017,5039
05/04/2017,4989
06/04/2017,4939
07/04/2017,4889
08/04/2017,4839
09/04/2017,4789
10/04/2017,4739
11/04/2017,4689
12/04/2017,4639
13/04/2017,4589
14/04/2017,4789
15/04/2017,4739
16/04/2017,4827
17/04/2017,4777
18/04/2017,4727
19/04/2017,4677
20/04/2017,4627
21/04/2017,4877
23/04/2017,5052
24/04/2017,5002
25/04/2017,5090
26/04/2017,5203
27/04/2017,5153
28/04/2017,5228
29/04/2017,5178
30/04/2017,5259
01/05/2017,5609
02/05/2017,5559
03/05/2017,5509
04/05/2017,5564
05/05/2017,5609
06/05/2017,5559
07/05/2017,5509
08/05/2017,5459
09/05/2017,5409
11/05/2017,5359
12/05/2017,5309
13/05/2017,5259
14/05/2017,5209
15/05/2017,5159
16/05/2017,5214
17/05/2017,5164
18/05/2017,5114
19/05/2017,5252
20/05/2017,5340
21/05/2017,5290
22/05/2017,5240
23/05/2017,5353
25/05/2017,5578
26/05/2017,5528
27/05/2017,5478
30/05/2017,5428
31/05/2017,5378
01/06/2017,5328
02/06/2017,5653
03/06/2017,5603
04/06/2017,5553
05/06/2017,5678
06/06/2017,5628
08/06/2017,5578
09/06/2017,5528
10/06/2017,5478
11/06/2017,5428
13/06/2017,5378
14/06/2017,5328
15/06/2017,5409
16/06/2017,5503
17/06/2017,5453
18/06/2017,5403
19/06/2017,5353
20/06/2017,5303
22/06/2017,5253
23/06/2017,5203
24/06/2017,5153
25/06/2017,5203
26/06/2017,5341
27/06/2017,5291
28/06/2017,5241
30/06/2017,5354
01/07/2017,5304
02/07/2017,5385
03/07/2017,5510
04/07/2017,5460
05/07/2017,5410
07/07/2017,5360
08/07/2017,5310
09/07/2017,5260
10/07/2017,5210
11/07/2017,5160
12/07/2017,5110
13/07/2017,5060
14/07/2017,5154
15/07/2017,5404
16/07/2017,5354
17/07/2017,5304
18/07/2017,5254
19/07/2017,5335
20/07/2017,5429
23/07/2017,5379
24/07/2017,5329
25/07/2017,5279
26/07/2017,5417
27/07/2017,5367
28/07/2017,5436
29/07/2017,5386
30/07/2017,5336
31/07/2017,5286
01/08/2017,5236
02/08/2017,5186
03/08/2017,5136
04/08/2017,5086
05/08/2017,5036
06/08/2017,4986
07/08/2017,4936
08/08/2017,4886
09/08/2017,4836
10/08/2017,4786
11/08/2017,4736
12/08/2017,4786
13/08/2017,4736
15/08/2017,4686
16/08/2017,4636
18/08/2017,4861
19/08/2017,4811
20/08/2017,4761
21/08/2017,4711
23/08/2017,4936
24/08/2017,4886
25/08/2017,4836
26/08/2017,4786
27/08/2017,4736
28/08/2017,4686
29/08/2017,4636
30/08/2017,4736
31/08/2017,4686
01/09/2017,4780
02/09/2017,4730
04/09/2017,4680
05/09/2017,4630
06/09/2017,4718
07/09/2017,4668
08/09/2017,4618
09/09/2017,4568
10/09/2017,4518
11/09/2017,4468
12/09/2017,4418
13/09/2017,4368
14/09/2017,4318
16/09/2017,4268
17/09/2017,4218
18/09/2017,4343
19/09/2017,4293
20/09/2017,4243
21/09/2017,4193
22/09/2017,4143
23/09/2017,4093
24/09/2017,4043
25/09/2017,3993
26/09/2017,4131
27/09/2017,4081
28/09/2017,4031
29/09/2017,4156
30/09/2017,4106
01/10/2017,4056
02/10/2017,4222
03/10/2017,4335
04/10/2017,4285
05/10/2017,4235
06/10/2017,4185
07/10/2017,4310
08/10/2017,4260
09/10/2017,4460
10/10/2017,4410
11/10/2017,4360
12/10/2017,4415
13/10/2017,4365
14/10/2017,4315
15/10/2017,4265
16/10/2017,4215
17/10/2017,4165
18/10/2017,4115
19/10/2017,4065
20/10/2017,4015
21/10/2017,3965
22/10/2017,3915
23/10/2017,3865
24/10/2017,3815
25/10/2017,3765
26/10/2017,3715
27/10/2017,3803
28/10/2017,3884
29/10/2017,4209
30/10/2017,4159
31/10/2017,4109
01/11/2017,4276
02/11/2017,4226
03/11/2017,4176
04/11/2017,4126
05/11/2017,4076
06/11/2017,4026
07/11/2017,3976
08/11/2017,3926
09/11/2017,3876
10/11/2017,3826
11/11/2017,3776
12/11/2017,3726
13/11/2017,3676
14/11/2017,3626
15/11/2017,3576
16/11/2017,3526
17/11/2017,3476
18/11/2017,3557
19/11/2017,3602
20/11/2017,3552
21/11/2017,3502
22/11/2017,3452
23/11/2017,3402
24/11/2017,3490
25/11/2017,3440
26/11/2017,3390
27/11/2017,3340
28/11/2017,3409
29/11/2017,3359
30/11/2017,3309
01/12/2017,3259
02/12/2017,3409
03/12/2017,3509
04/12/2017,3459
05/12/2017,3409
06/12/2017,3359
07/12/2017,3309
08/12/2017,3259
09/12/2017,3959
11/12/2017,3909
13/12/2017,3859
14/12/2017,3809
15/12/2017,3922
16/12/2017,4172
17/12/2017,4122
18/12/2017,4072
19/12/2017,4022
20/12/2017,3972
21/12/2017,3922
22/12/2017,3872
23/12/2017,3822
26/12/2017,3772
28/12/2017,3872
29/12/2017,3822
30/12/2017,3916
31/12/2017,3866
01/01/2018,3816
02/01/2018,3766
03/01/2018,3866
04/01/2018,3816
06/01/2018,3766
07/01/2018,3716
08/01/2018,3666
09/01/2018,3616
10/01/2018,3566
11/01/2018,3516
12/01/2018,3466
13/01/2018,3416
14/01/2018,3366
16/01/2018,3316
17/01/2018,3266
18/01/2018,3216
19/01/2018,3291
20/01/2018,3241
21/01/2018,3491
22/01/2018,3441
23/01/2018,3666
24/01/2018,3616
25/01/2018,3566
26/01/2018,3516
27/01/2018,3466
28/01/2018,3416
29/01/2018,3366
30/01/2018,3421
31/01/2018,3646
01/02/2018,3596
02/02/2018,3546
03/02/2018,3496
04/02/2018,3446
05/02/2018,3396
06/02/2018,3346
08/02/2018,3296
09/02/2018,3246
10/02/2018,3196
11/02/2018,3146
12/02/2018,3096
13/02/2018,3046
14/02/2018,3115
15/02/2018,3665
16/02/2018,3615
17/02/2018,3565
18/02/2018,3515
19/02/2018,3465
20/02/2018,3415
21/02/2018,3365
22/02/2018,3315
23/02/2018,3390
24/02/2018,3790
25/02/2018,3965
26/02/2018,3915
27/02/2018,3865
28/02/2018,4165
03/03/2018,4265
04/03/2018,4215
05/03/2018,4165
06/03/2018,4415
07/03/2018,4490
08/03/2018,4440
09/03/2018,4390
11/03/2018,4740
12/03/2018,4690
13/03/2018,4640
14/03/2018,4590
15/03/2018,4540
16/03/2018,4790
17/03/2018,5115
19/03/2018,5165
20/03/2018,5115
21/03/2018,5065
22/03/2018,5015
23/03/2018,4965
24/03/2018,5215
25/03/2018,5165
26/03/2018,5340
27/03/2018,5290
28/03/2018,5240
29/03/2018,5190
30/03/2018,5140
31/03/2018,5090
01/04/2018,5040
03/04/2018,4990
04/04/2018,4940
05/04/2018,4890
06/04/2018,5015
07/04/2018,4965
08/04/2018,4915
10/04/2018,4865
11/04/2018,5215
12/04/2018,5165
13/04/2018,5715
14/04/2018,5665
16/04/2018,5865
17/04/2018,5815
18/04/2018,5765
19/04/2018,5715
20/04/2018,5665
21/04/2018,5965
22/04/2018,6165
23/04/2018,6115
24/04/2018,6065
25/04/2018,6015
26/04/2018,5965
27/04/2018,5915
28/04/2018,6315
29/04/2018,6265
30/04/2018,6215
01/05/2018,6165
02/05/2018,6115
03/05/2018,6290
04/05/2018,6240
05/05/2018,6190
06/05/2018,6240
07/05/2018,6190
08/05/2018,6140
09/05/2018,6090
11/05/2018,6040
12/05/2018,5990
13/05/2018,6065
14/05/2018,6015
15/05/2018,6215
16/05/2018,6415
17/05/2018,6365
18/05/2018,6315
19/05/2018,6265
20/05/2018,6215
21/05/2018,6165
22/05/2018,6303
23/05/2018,6253
24/05/2018,6203
25/05/2018,6278
26/05/2018,6453
27/05/2018,6534
28/05/2018,6484
29/05/2018,6434
30/05/2018,6384
31/05/2018,6334
01/06/2018,6284
02/06/2018,6484
03/06/2018,6434
04/06/2018,6384
05/06/2018,6334
06/06/2018,6434
07/06/2018,6522
08/06/2018,6612
09/06/2018,6562
10/06/2018,6512
11/06/2018,6462
12/06/2018,6662
13/06/2018,6750
14/06/2018,6700
15/06/2018,6650
16/06/2018,6600
17/06/2018,6550
18/06/2018,6688
19/06/2018,6638
20/06/2018,6588
21/06/2018,6538
22/06/2018,6488
23/06/2018,6438
24/06/2018,6388
25/06/2018,6338
26/06/2018,6288
27/06/2018,6238
28/06/2018,6413
29/06/2018,6363
30/06/2018,6313
01/07/2018,6263
02/07/2018,6363
03/07/2018,6457
04/07/2018,6407
05/07/2018,6574
06/07/2018,6749
07/07/2018,6699
08/07/2018,6793
09/07/2018,6906
10/07/2018,6856
11/07/2018,6806
12/07/2018,6756
13/07/2018,6706
14/07/2018,6656
15/07/2018,6606
16/07/2018,6856
17/07/2018,6806
18/07/2018,6756
19/07/2018,6706
20/07/2018,6806
21/07/2018,6756
23/07/2018,6831
24/07/2018,6781
26/07/2018,6731
27/07/2018,6681
28/07/2018,6631
29/07/2018,6756
30/07/2018,6706
31/07/2018,6656
01/08/2018,6606
02/08/2018,6556
03/08/2018,6598
04/08/2018,6548
05/08/2018,6603
06/08/2018,6553
07/08/2018,6503
08/08/2018,6453
09/08/2018,6403
10/08/2018,6516
11/08/2018,6466
12/08/2018,6416
13/08/2018,6366
14/08/2018,6316
15/08/2018,6482
16/08/2018,6432
17/08/2018,6382
18/08/2018,6332
19/08/2018,6282
20/08/2018,6232
21/08/2018,6182
22/08/2018,6132
23/08/2018,6082
24/08/2018,6032
25/08/2018,6095
26/08/2018,6045
28/08/2018,6158
29/08/2018,6108
30/08/2018,6333
31/08/2018,6508
01/09/2018,7008
02/09/2018,6958
03/09/2018,6908
04/09/2018,6858
05/09/2018,6808
06/09/2018,6975
07/09/2018,6925
08/09/2018,7125
09/09/2018,7075
10/09/2018,7025
11/09/2018,6975
13/09/2018,6925
14/09/2018,7175
15/09/2018,7125
16/09/2018,7075
17/09/2018,7025
18/09/2018,6975
19/09/2018,6925
20/09/2018,7091
21/09/2018,7216
22/09/2018,7166
24/09/2018,7116
25/09/2018,7066
26/09/2018,7291
27/09/2018,7241
28/09/2018,7541
29/09/2018,7491
30/09/2018,7441
01/10/2018,7391
02/10/2018,7341
03/10/2018,7566
04/10/2018,7516
05/10/2018,7616
06/10/2018,7566
07/10/2018,7516
08/10/2018,7466
09/10/2018,7416
10/10/2018,7366
11/10/2018,7491
12/10/2018,7441
13/10/2018,7391
14/10/2018,7341
15/10/2018,7291
16/10/2018,7241
17/10/2018,7379
18/10/2018,7329
19/10/2018,7279
20/10/2018,8079
21/10/2018,8121
22/10/2018,8071
23/10/2018,8021
25/10/2018,7971
26/10/2018,7921
27/10/2018,7871
28/10/2018,7821
29/10/2018,7921
30/10/2018,7871
31/10/2018,7821
01/11/2018,7771
02/11/2018,7721
03/11/2018,7671
04/11/2018,7621
05/11/2018,7571
06/11/2018,7521
07/11/2018,7471
08/11/2018,7421
09/11/2018,7771
10/11/2018,7721
11/11/2018,7671
12/11/2018,7621
13/11/2018,7571
14/11/2018,7746
15/11/2018,7884
16/11/2018,7834
17/11/2018,7784
18/11/2018,7734
19/11/2018,7872
20/11/2018,7822
21/11/2018,7960
22/11/2018,8126
23/11/2018,8293
24/11/2018,8243
25/11/2018,8331
26/11/2018,8281
27/11/2018,8231
28/11/2018,8181
29/11/2018,8275
30/11/2018,8225
01/12/2018,8175
02/12/2018,8125
03/12/2018,8194
04/12/2018,8419
05/12/2018,8369
06/12/2018,8319
07/12/2018,8269
08/12/2018,8219
09/12/2018,8169
10/12/2018,8307
11/12/2018,8257
12/12/2018,8207
13/12/2018,8157
14/12/2018,8107
15/12/2018,8057
16/12/2018,8107
17/12/2018,8332
18/12/2018,8607
19/12/2018,8701
20/12/2018,8901
21/12/2018,8851
22/12/2018,8801
26/12/2018,8751
27/12/2018,8701
28/12/2018,8651
29/12/2018,8726
30/12/2018,8676
01/01/2019,8626
02/01/2019,8576
03/01/2019,8776
04/01/2019,8851
05/01/2019,9076
06/01/2019,9026
07/01/2019,8976
08/01/2019,8926
09/01/2019,8876
10/01/2019,8964
11/01/2019,9046
12/01/2019,8996
14/01/2019,8946
15/01/2019,9021
16/01/2019,8971
17/01/2019,9371
19/01/2019,9321
20/01/2019,9271
21/01/2019,9221
22/01/2019,9171
24/01/2019,9121
25/01/2019,9071
26/01/2019,9021
27/01/2019,9081
28/01/2019,9031
29/01/2019,8981
31/01/2019,8931
02/02/2019,9012
03/02/2019,9162
04/02/2019,9112
05/02/2019,9062
06/02/2019,9156
13/02/2019,9106
14/02/2019,9200
15/02/2019,9150
16/02/2019,9100
17/02/2019,9050
18/02/2019,9079
19/02/2019,9029
20/02/2019,9142
21/02/2019,9192
22/02/2019,9142
23/02/2019,9092
24/02/2019,9042
25/02/2019,8992
26/02/2019,8942
27/02/2019,9117
28/02/2019,9067
01/03/2019,9142
02/03/2019,9280
05/03/2019,9230
06/03/2019,9180
07/03/2019,9130
08/03/2019,9080
09/03/2019,9030
10/03/2019,8980
11/03/2019,8930
12/03/2019,8880
13/03/2019,8949
14/03/2019,8899
15/03/2019,8849
16/03/2019,8799
17/03/2019,8749
18/03/2019,8699
19/03/2019,8799
20/03/2019,8749
21/03/2019,8699
22/03/2019,8649
23/03/2019,8599
24/03/2019,8549
25/03/2019,8499
26/03/2019,8449
27/03/2019,8399
28/03/2019,8512
29/03/2019,8462
30/03/2019,8412
02/04/2019,8362
03/04/2019,8404
04/04/2019,8354
05/04/2019,8304
06/04/2019,8254
08/04/2019,8654
09/04/2019,8779
10/04/2019,8729
11/04/2019,8679
12/04/2019,8629
13/04/2019,8579
14/04/2019,8529
15/04/2019,8479
16/04/2019,8854
17/04/2019,8804
18/04/2019,8754
19/04/2019,8704
20/04/2019,8654
21/04/2019,8604
22/04/2019,8554
23/04/2019,8599
24/04/2019,8549
25/04/2019,8799
26/04/2019,8749
27/04/2019,8699
28/04/2019,8649
29/04/2019,8599
30/04/2019,8549
01/05/2019,8591
02/05/2019,8541
03/05/2019,8577
04/05/2019,8527
05/05/2019,8477
06/05/2019,8427
07/05/2019,8467
08/05/2019,8417
09/05/2019,8480
10/05/2019,8430
11/05/2019,8380
12/05/2019,8330
13/05/2019,8280
14/05/2019,8430
15/05/2019,8380
16/05/2019,8330
17/05/2019,8280
18/05/2019,8230
19/05/2019,8180
20/05/2019,8130
21/05/2019,8080
22/05/2019,8030
23/05/2019,8143
24/05/2019,8268
25/05/2019,8218
26/05/2019,8168
27/05/2019,8118
28/05/2019,8068
29/05/2019,8018
30/05/2019,8038
31/05/2019,7988
01/06/2019,7938
02/06/2019,8213
03/06/2019,8273
04/06/2019,8223
05/06/2019,8389
06/06/2019,8489
07/06/2019,8439
08/06/2019,8389
09/06/2019,8339
10/06/2019,8289
11/06/2019,8239
12/06/2019,8189
13/06/2019,8139
14/06/2019,8089
15/06/2019,8039
16/06/2019,7989
17/06/2019,7939
18/06/2019,7889
19/06/2019,7839
20/06/2019,7789
21/06/2019,7739
23/06/2019,7689
24/06/2019,7639
25/06/2019,7589
26/06/2019,7539
27/06/2019,7652
28/06/2019,7692
29/06/2019,7642
30/06/2019,7592
01/07/2019,7542
02/07/2019,7602
03/07/2019,7552
04/07/2019,7607
05/07/2019,7557
06/07/2019,7507
07/07/2019,7457
09/07/2019,7407
10/07/2019,7357
11/07/2019,7307
13/07/2019,7257
14/07/2019,7332
15/07/2019,7282
16/07/2019,7232
17/07/2019,7182
18/07/2019,7432
19/07/2019,7382
20/07/2019,7332
21/07/2019,7382
22/07/2019,7495
23/07/2019,7633
24/07/2019,7583
25/07/2019,7533
26/07/2019,7573
27/07/2019,7523
28/07/2019,7473
29/07/2019,7533
30/07/2019,7483
31/07/2019,7433
01/08/2019,7383
02/08/2019,7333
03/08/2019,7283
04/08/2019,7233
05/08/2019,7308
06/08/2019,7258
07/08/2019,7283
08/08/2019,7346
09/08/2019,7296
10/08/2019,7521
11/08/2019,7621
12/08/2019,7571
13/08/2019,7521
14/08/2019,7602
15/08/2019,7647
16/08/2019,7597
17/08/2019,7547
18/08/2019,7497
19/08/2019,7447
20/08/2019,7597
21/08/2019,7547
22/08/2019,7497
23/08/2019,7447
24/08/2019,7397
25/08/2019,7347
26/08/2019,7422
27/08/2019,7647
28/08/2019,7597
29/08/2019,7678
30/08/2019,7628
31/08/2019,7578
01/09/2019,7528
02/09/2019,7597
03/09/2019,7547
04/09/2019,7497
05/09/2019,7622
06/09/2019,7572
07/09/2019,7522
08/09/2019,7591
09/09/2019,7541
10/09/2019,7491
11/09/2019,7441
12/09/2019,7504
13/09/2019,7454
14/09/2019,7504
15/09/2019,7598
16/09/2019,7548
17/09/2019,7498
18/09/2019,7558
19/09/2019,7733
20/09/2019,7821
21/09/2019,7771
22/09/2019,7721
23/09/2019,7671
24/09/2019,7621
25/09/2019,7571
27/09/2019,7521
28/09/2019,7471
29/09/2019,7421
30/09/2019,7371
01/10/2019,7321
02/10/2019,7271
03/10/2019,7221
04/10/2019,7171
05/10/2019,7296
06/10/2019,7246
08/10/2019,7196
09/10/2019,7146
10/10/2019,7096
11/10/2019,7046
12/10/2019,6996
14/10/2019,6946
15/10/2019,6896
16/10/2019,6951
17/10/2019,7176
18/10/2019,7126
19/10/2019,7076
20/10/2019,7026
21/10/2019,6976
22/10/2019,6926
23/10/2019,6968
24/10/2019,7013
25/10/2019,6963
26/10/2019,7363
27/10/2019,7313
28/10/2019,7263
29/10/2019,7213
30/10/2019,7163
31/10/2019,7113
01/11/2019,7158
02/11/2019,7108
03/11/2019,7058
04/11/2019,7008
05/11/2019,6958
06/11/2019,6908
07/11/2019,6858
08/11/2019,6808
09/11/2019,6933
10/11/2019,7058
11/11/2019,7008
12/11/2019,6958
13/11/2019,6908
14/11/2019,6963
15/11/2019,7032
16/11/2019,6982
17/11/2019,6932
18/11/2019,7098
19/11/2019,7048
20/11/2019,6998
21/11/2019,6948
22/11/2019,6898
23/11/2019,6848
24/11/2019,6798
25/11/2019,6848
26/11/2019,6917
27/11/2019,7042
28/11/2019,6992
29/11/2019,6942
30/11/2019,6892
02/12/2019,6842
03/12/2019,6792
05/12/2019,6930
06/12/2019,6880
07/12/2019,6830
08/12/2019,6930
09/12/2019,6880
10/12/2019,6830
11/12/2019,6885
12/12/2019,7010
13/12/2019,6960
14/12/2019,6910
15/12/2019,6860
16/12/2019,6810
17/12/2019,6760
18/12/2019,6873
20/12/2019,6823
21/12/2019,6773
26/12/2019,6723
27/12/2019,6673
28/12/2019,6848
29/12/2019,6798
30/12/2019,6748
01/01/2020,6698
02/01/2020,6648
03/01/2020,6598
04/01/2020,6548
05/01/2020,6723
06/01/2020,6817
07/01/2020,6984
08/01/2020,6934
09/01/2020,6884
10/01/2020,6834
11/01/2020,6784
12/01/2020,6934
13/01/2020,6884
14/01/2020,6834
15/01/2020,6784
16/01/2020,7134
17/01/2020,7222
18/01/2020,7347
19/01/2020,7297
20/01/2020,7247
21/01/2020,7197
22/01/2020,7347
23/01/2020,7297
24/01/2020,7447
25/01/2020,7397
26/01/2020,7347
27/01/2020,7297
28/01/2020,7391
29/01/2020,7341
30/01/2020,7291
31/01/2020,7331
01/02/2020,7281
02/02/2020,7344
03/02/2020,7294
04/02/2020,7244
05/02/2020,7294
06/02/2020,7349
07/02/2020,7299
08/02/2020,7249
10/02/2020,7199
11/02/2020,7337
12/02/2020,7287
13/02/2020,7237
14/02/2020,7187
16/02/2020,7137
17/02/2020,7087
18/02/2020,7037
19/02/2020,6987
20/02/2020,6937
21/02/2020,6887
22/02/2020,6987
23/02/2020,6937
24/02/2020,6887
25/02/2020,6837
26/02/2020,6787
28/02/2020,6737
01/03/2020,6887
02/03/2020,6942
03/03/2020,6892
04/03/2020,6842
05/03/2020,6792
06/03/2020,6742
07/03/2020,6692
08/03/2020,6642
09/03/2020,6755
10/03/2020,6705
11/03/2020,6655
12/03/2020,6605
13/03/2020,6772
14/03/2020,6722
15/03/2020,6785
16/03/2020,6960
17/03/2020,7023
20/03/2020,6973
21/03/2020,6923
22/03/2020,6873
23/03/2020,6823
24/03/2020,6773
01/06/2020,6723
02/06/2020,6673
03/06/2020,6623
04/06/2020,6573
05/06/2020,6628
06/06/2020,6578
07/06/2020,6528
08/06/2020,6603
09/06/2020,6553
10/06/2020,6753
11/06/2020,6703
12/06/2020,6653
13/06/2020,6741
14/06/2020,6691
15/06/2020,6641
16/06/2020,6816
17/06/2020,6766
18/06/2020,6716
19/06/2020,6666
20/06/2020,6616
21/06/2020,6566
22/06/2020,6516
23/06/2020,6466
24/06/2020,6566
25/06/2020,6641
26/06/2020,6741
27/06/2020,6691
29/06/2020,6641
30/06/2020,6591
01/07/2020,6541
02/07/2020,6491
03/07/2020,6584
04/07/2020,6534
05/07/2020,6634
06/07/2020,6722
07/07/2020,6772
08/07/2020,6722
09/07/2020,6847
10/07/2020,6797
11/07/2020,6747
12/07/2020,6697
13/07/2020,7047
14/07/2020,6997
15/07/2020,7447
16/07/2020,7397
17/07/2020,7347
18/07/2020,7297
19/07/2020,7247
20/07/2020,7197
21/07/2020,7147
22/07/2020,7097
23/07/2020,7047
24/07/2020,7102
25/07/2020,7052
27/07/2020,7002
28/07/2020,6952
29/07/2020,6902
30/07/2020,6852
31/07/2020,6934
01/08/2020,6884
02/08/2020,7034
03/08/2020,6984
04/08/2020,7044
06/08/2020,6994
07/08/2020,6944
08/08/2020,6894
09/08/2020,6844
10/08/2020,6794
11/08/2020,6844
12/08/2020,6894
13/08/2020,6844
14/08/2020,6794
15/08/2020,6744
16/08/2020,6694
17/08/2020,6644
18/08/2020,6919
19/08/2020,6869
20/08/2020,6819
21/08/2020,6769
22/08/2020,7044
23/08/2020,6994
24/08/2020,7087
25/08/2020,7037
27/08/2020,6987
28/08/2020,6937
29/08/2020,6887
30/08/2020,6837
31/08/2020,7287
01/09/2020,7237
02/09/2020,7187
03/09/2020,7325
04/09/2020,7485
05/09/2020,7435
06/09/2020,7504
07/09/2020,7879
08/09/2020,7829
09/09/2020,7779
10/09/2020,7729
11/09/2020,7842
12/09/2020,7792
13/09/2020,7742
14/09/2020,7692
15/09/2020,7642
16/09/2020,7592
17/09/2020,7542
18/09/2020,7680
19/09/2020,7630
20/09/2020,7768
21/09/2020,7718
23/09/2020,7668
24/09/2020,7618
25/09/2020,7568
26/09/2020,7706
27/09/2020,7656
28/09/2020,7606
29/09/2020,7648
30/09/2020,7598
01/10/2020,7548
02/10/2020,7498
03/10/2020,7448
04/10/2020,7398
06/10/2020,7348
07/10/2020,7298
08/10/2020,7448
09/10/2020,7398
10/10/2020,7348
11/10/2020,7515
12/10/2020,7465
13/10/2020,7415
14/10/2020,7365
15/10/2020,7315
16/10/2020,7265
17/10/2020,7215
18/10/2020,7165
19/10/2020,7115
20/10/2020,7065
21/10/2020,7015
22/10/2020,6965
23/10/2020,6915
24/10/2020,6865
25/10/2020,6815
26/10/2020,6903
29/10/2020,7041
01/11/2020,7129
02/11/2020,7254
03/11/2020,7204
04/11/2020,7354
06/11/2020,7304
07/11/2020,7254
08/11/2020,7204
09/11/2020,7154
10/11/2020,7104
11/11/2020,7204
12/11/2020,7154
13/11/2020,7104
14/11/2020,7054
15/11/2020,7004
16/11/2020,6954
17/11/2020,7079
18/11/2020,7029
19/11/2020,7079
21/11/2020,7029
24/11/2020,6979
25/11/2020,7104
26/11/2020,7054
27/11/2020,7004
28/11/2020,6954
29/11/2020,6904
30/11/2020,6854
01/12/2020,6804
02/12/2020,6754
03/12/2020,6785
06/12/2020,7110
08/12/2020,7060
09/12/2020,7010
13/12/2020,6960
16/12/2020,7085
18/12/2020,7035
19/12/2020,6985
20/12/2020,6935
21/12/2020,6885
30/12/2020,6835
01/01/2021,6785
03/01/2021,6735
04/01/2021,6685
05/01/2021,6767
07/01/2021,6892
10/01/2021,6980
11/01/2021,6930
13/01/2021,7012
15/01/2021,7075
17/01/2021,7025
18/01/2021,6975
19/01/2021,6925
22/01/2021,6875
23/01/2021,6825
24/01/2021,6775
25/01/2021,6725
26/01/2021,6675
27/01/2021,6625
28/01/2021,6675
29/01/2021,6625
30/01/2021,6575
31/01/2021,6525
01/02/2021,6475
02/02/2021,6425
04/02/2021,6375
07/02/2021,6325
08/02/2021,6492
09/02/2021,6442
10/02/2021,6392
11/02/2021,6530
12/02/2021,6480
14/02/2021,6430
15/02/2021,6380
16/02/2021,6330
17/02/2021,6393
18/02/2021,6343
19/02/2021,6293
20/02/2021,6243
21/02/2021,6193
23/02/2021,6143
24/02/2021,6093
25/02/2021,6043
26/02/2021,6124
27/02/2021,6074
28/02/2021,6124
01/03/2021,6074
02/03/2021,6024
03/03/2021,5974
04/03/2021,5924
06/03/2021,5874
07/03/2021,6049
08/03/2021,6112
10/03/2021,6062
11/03/2021,6012
12/03/2021,5962
13/03/2021,5912
14/03/2021,6005
15/03/2021,5955
16/03/2021,6025
18/03/2021,5975
19/03/2021,5925
20/03/2021,5875
21/03/2021,5825
22/03/2021,5992
23/03/2021,5942
24/03/2021,5892
25/03/2021,5842
26/03/2021,6092
27/03/2021,6317
28/03/2021,6267
29/03/2021,6434
30/03/2021,6384
31/03/2021,6459
01/04/2021,6409
02/04/2021,6359
04/04/2021,6309
05/04/2021,6459
06/04/2021,6409
07/04/2021,6809
08/04/2021,6959
09/04/2021,6909
10/04/2021,6859
12/04/2021,6809
13/04/2021,6759
14/04/2021,6709
15/04/2021,6659
16/04/2021,6609
17/04/2021,6559
18/04/2021,6509
19/04/2021,6459
20/04/2021,6597
21/04/2021,6797
22/04/2021,6747
23/04/2021,6697
24/04/2021,7297
25/04/2021,7357
26/04/2021,7307
27/04/2021,7257
28/04/2021,7207
29/04/2021,7374
30/04/2021,7324
01/05/2021,7274
02/05/2021,7774
04/05/2021,7724
05/05/2021,7674
06/05/2021,7624
07/05/2021,7999
08/05/2021,8599
09/05/2021,8549
10/05/2021,8499
11/05/2021,8724
12/05/2021,8999
13/05/2021,8949
14/05/2021,8899
15/05/2021,9037
16/05/2021,8987
17/05/2021,8937
18/05/2021,8887
20/05/2021,9000
21/05/2021,8950
22/05/2021,8900
23/05/2021,9100
25/05/2021,9050
26/05/2021,9000
27/05/2021,9800
28/05/2021,9750
29/05/2021,9700
30/05/2021,9650
31/05/2021,9600
01/06/2021,9550
02/06/2021,9500
03/06/2021,9450
04/06/2021,9400
05/06/2021,9350
06/06/2021,9300
07/06/2021,9250
08/06/2021,9850
09/06/2021,9800
10/06/2021,9750
11/06/2021,9700
12/06/2021,9650
13/06/2021,9600
14/06/2021,9550
15/06/2021,9750
16/06/2021,9700
17/06/2021,10075
18/06/2021,10025
19/06/2021,9975
20/06/2021,9925
21/06/2021,10092
22/06/2021,10042
23/06/2021,9992
24/06/2021,9942
25/06/2021,10023
26/06/2021,9973
27/06/2021,10086
28/06/2021,10236
29/06/2021,10186
30/06/2021,10136
01/07/2021,10181
02/07/2021,10131
03/07/2021,10081
04/07/2021,10031
05/07/2021,9981
06/07/2021,9931
07/07/2021,9881
08/07/2021,9831
09/07/2021,9781
10/07/2021,9731
11/07/2021,9844
12/07/2021,9794
13/07/2021,9744
14/07/2021,9694
15/07/2021,9644
16/07/2021,9594
17/07/2021,9544
18/07/2021,9494
19/07/2021,9575
20/07/2021,9525
21/07/2021,9638
22/07/2021,9588
23/07/2021,9538
24/07/2021,9763
25/07/2021,9838
26/07/2021,9901
27/07/2021,9851
28/07/2021,9801
29/07/2021,9751
30/07/2021,9701
31/07/2021,9651
01/08/2021,9601
02/08/2021,9551
03/08/2021,9501
04/08/2021,9451
05/08/2021,9589
06/08/2021,9677
07/08/2021,9627
09/08/2021,9577
10/08/2021,9527
11/08/2021,9477
12/08/2021,9427
13/08/2021,9377
14/08/2021,9327
15/08/2021,9277
16/08/2021,9227
17/08/2021,9177
18/08/2021,9127
19/08/2021,9077
20/08/2021,9527
21/08/2021,9477
22/08/2021,9427
24/08/2021,9377
25/08/2021,9327
26/08/2021,9277
27/08/2021,9227
28/08/2021,9177
29/08/2021,9127
30/08/2021,9077
31/08/2021,9027
01/09/2021,9140
02/09/2021,9240
03/09/2021,9340
04/09/2021,9290
05/09/2021,9240
06/09/2021,9190
07/09/2021,9303
08/09/2021,9253
09/09/2021,9203
10/09/2021,9153
11/09/2021,9103
12/09/2021,9053
13/09/2021,9003
14/09/2021,8953
15/09/2021,8903
16/09/2021,8853
17/09/2021,8803
18/09/2021,8753
19/09/2021,8703
21/09/2021,8653
23/09/2021,8603
24/09/2021,8778
25/09/2021,8728
26/09/2021,8678
27/09/2021,8628
28/09/2021,8578
30/09/2021,8903
01/10/2021,8853
02/10/2021,8803
03/10/2021,8753
04/10/2021,8703
05/10/2021,8653
06/10/2021,8603
07/10/2021,8553
08/10/2021,8503
09/10/2021,8641
10/10/2021,8591
11/10/2021,8541
12/10/2021,8491
13/10/2021,8441
14/10/2021,8391
15/10/2021,8341
16/10/2021,8291
17/10/2021,8241
18/10/2021,8283
19/10/2021,8233
21/10/2021,8371
22/10/2021,8321
23/10/2021,8271
24/10/2021,8365
25/10/2021,8590
26/10/2021,8540
27/10/2021,8490
28/10/2021,8440
29/10/2021,8565
30/10/2021,8515
31/10/2021,8465
01/11/2021,8415
02/11/2021,8365
03/11/2021,8565
04/11/2021,8515
05/11/2021,8665
06/11/2021,8965
07/11/2021,8915
08/11/2021,8865
09/11/2021,8815
10/11/2021,8765
11/11/2021,8715
12/11/2021,8665
13/11/2021,8615
14/11/2021,8565
15/11/2021,8515
16/11/2021,8465
17/11/2021,8534
18/11/2021,8484
19/11/2021,8434
20/11/2021,8497
21/11/2021,8622
23/11/2021,8572
24/11/2021,8641
25/11/2021,8591
26/11/2021,8729
27/11/2021,8679
29/11/2021,8629
30/11/2021,8579
01/12/2021,8529
02/12/2021,8479
03/12/2021,8429
04/12/2021,8704
05/12/2021,8785
06/12/2021,8835
07/12/2021,8910
08/12/2021,8860
09/12/2021,8810
10/12/2021,8760
11/12/2021,8710
12/12/2021,8755
13/12/2021,8705
14/12/2021,8655
15/12/2021,8718
16/12/2021,8668
17/12/2021,8618
18/12/2021,8568
19/12/2021,8735
20/12/2021,8685
21/12/2021,8635
22/12/2021,8585
26/12/2021,8535
27/12/2021,8485
28/12/2021,8623
29/12/2021,8573
30/12/2021,8523
31/12/2021,8473
01/01/2022,8423
02/01/2022,8511
03/01/2022,8461
04/01/2022,8542
05/01/2022,8492
06/01/2022,8442
07/01/2022,8392
08/01/2022,8342
09/01/2022,8292
10/01/2022,8242
11/01/2022,8442
12/01/2022,8392
13/01/2022,8552
14/01/2022,8502
15/01/2022,8452
16/01/2022,8402
17/01/2022,8515
18/01/2022,8465
19/01/2022,8415
20/01/2022,8365
21/01/2022,8315
22/01/2022,8265
23/01/2022,8215
24/01/2022,8415
25/01/2022,8365
26/01/2022,8446
27/01/2022,8396
28/01/2022,8446
29/01/2022,8396
30/01/2022,8346
31/01/2022,8459
01/02/2022,8409
02/02/2022,8359
03/02/2022,8309
04/02/2022,8422
05/02/2022,8372
06/02/2022,8322
07/02/2022,8272
08/02/2022,8222
09/02/2022,8297
10/02/2022,8247
11/02/2022,8197
12/02/2022,8147
13/02/2022,8097
14/02/2022,8047
15/02/2022,7997
16/02/2022,7947
17/02/2022,7992
19/02/2022,7942
20/02/2022,7892
21/02/2022,8042
22/02/2022,7992
24/02/2022,7942
25/02/2022,7892
26/02/2022,7842
27/02/2022,7792
28/02/2022,7742
01/03/2022,7836
02/03/2022,7786
03/03/2022,7736
04/03/2022,7686
05/03/2022,7636
07/03/2022,7696
08/03/2022,7646
09/03/2022,7715
10/03/2022,7665
11/03/2022,7865
12/03/2022,7815
13/03/2022,7878
14/03/2022,7978
15/03/2022,7928
16/03/2022,7878
17/03/2022,7828
18/03/2022,7978
19/03/2022,7928
20/03/2022,7878
21/03/2022,7828
22/03/2022,7778
23/03/2022,7728
25/03/2022,7678
26/03/2022,7628
27/03/2022,7578
28/03/2022,7678
29/03/2022,7628
30/03/2022,7578
31/03/2022,7528
01/04/2022,7478
02/04/2022,7428
03/04/2022,7378
04/04/2022,7328
05/04/2022,7278
06/04/2022,7228
07/04/2022,7178
08/04/2022,7128
09/04/2022,7078
10/04/2022,7028
11/04/2022,6978
12/04/2022,7041
13/04/2022,6991
14/04/2022,6941
15/04/2022,6891
16/04/2022,6841
17/04/2022,6791
18/04/2022,6741
19/04/2022,6854
20/04/2022,6804
21/04/2022,6754
22/04/2022,6704
23/04/2022,6654
24/04/2022,6604
25/04/2022,6554
26/04/2022,6504
27/04/2022,6454
28/04/2022,6614
29/04/2022,6564
30/04/2022,6514
01/05/2022,6464
02/05/2022,6414
03/05/2022,6364
04/05/2022,6439
05/05/2022,6389
06/05/2022,6339
07/05/2022,7139
08/05/2022,7089
09/05/2022,7039
10/05/2022,6989
11/05/2022,6939
12/05/2022,6889
13/05/2022,6839
14/05/2022,7039
15/05/2022,7264
16/05/2022,7332
17/05/2022,7282
18/05/2022,7232
19/05/2022,7182
20/05/2022,7132
21/05/2022,7082
22/05/2022,7032
23/05/2022,7157
24/05/2022,7107
25/05/2022,7152
26/05/2022,7102
27/05/2022,7052
28/05/2022,7190
29/05/2022,7140
30/05/2022,7090
31/05/2022,7040
01/06/2022,6990
02/06/2022,6940
03/06/2022,6890
04/06/2022,6840
05/06/2022,6790
06/06/2022,6740
07/06/2022,6840
09/06/2022,6965
10/06/2022,7103
11/06/2022,7053
12/06/2022,7141
13/06/2022,7091
14/06/2022,7041
15/06/2022,6991
16/06/2022,6941
17/06/2022,7116
18/06/2022,7066
19/06/2022,7016
20/06/2022,6966
21/06/2022,6916
22/06/2022,6866
23/06/2022,6816
24/06/2022,6766
25/06/2022,6716
26/06/2022,7091
27/06/2022,7041
28/06/2022,6991
29/06/2022,6941
01/07/2022,7066
02/07/2022,7016
03/07/2022,6966
04/07/2022,7116
05/07/2022,7066
06/07/2022,7016
07/07/2022,7071
08/07/2022,7021
09/07/2022,6971
11/07/2022,6921
12/07/2022,6871
13/07/2022,6821
14/07/2022,6996
15/07/2022,6946
16/07/2022,6896
19/07/2022,6846
20/07/2022,6796
21/07/2022,6746
22/07/2022,6791
23/07/2022,6741
24/07/2022,6691
25/07/2022,6641
26/07/2022,6591
28/07/2022,6684
29/07/2022,6634
30/07/2022,6584
31/07/2022,6534
01/08/2022,6484
02/08/2022,6434
03/08/2022,6384
04/08/2022,6334
05/08/2022,6422
06/08/2022,6372
07/08/2022,6322
08/08/2022,6404
09/08/2022,6354
10/08/2022,6304
11/08/2022,6529
12/08/2022,6479
13/08/2022,6429
14/08/2022,6379
15/08/2022,6329
16/08/2022,6279
17/08/2022,6554
18/08/2022,6654
19/08/2022,6804
20/08/2022,6754
21/08/2022,6704
22/08/2022,6754
23/08/2022,6704
24/08/2022,6654
25/08/2022,6829
26/08/2022,6779
27/08/2022,6729
28/08/2022,6679
29/08/2022,6629
30/08/2022,6579
31/08/2022,6529
01/09/2022,6642
02/09/2022,6592
03/09/2022,6767
04/09/2022,6880
05/09/2022,6830
06/09/2022,6780
07/09/2022,6730
08/09/2022,6680
11/09/2022,6630
12/09/2022,6718
13/09/2022,6787
14/09/2022,6837
15/09/2022,6787
16/09/2022,6737
17/09/2022,6687
18/09/2022,6637
19/09/2022,6862
20/09/2022,6987
21/09/2022,6937
22/09/2022,6887
23/09/2022,6837
24/09/2022,6787
25/09/2022,6737
26/09/2022,6837
27/09/2022,6987
28/09/2022,7042
29/09/2022,6992
30/09/2022,6942
01/10/2022,6892
02/10/2022,6842
03/10/2022,7192
04/10/2022,7359
05/10/2022,7309
06/10/2022,7259
07/10/2022,7209
08/10/2022,7159
10/10/2022,7109
11/10/2022,7059
12/10/2022,7009
13/10/2022,7084
14/10/2022,7034
15/10/2022,6984
16/10/2022,7334
17/10/2022,7284
18/10/2022,7234
19/10/2022,7184
20/10/2022,7134
21/10/2022,7084
22/10/2022,7034
23/10/2022,6984
24/10/2022,6934
25/10/2022,7159
26/10/2022,7109
27/10/2022,7059
28/10/2022,7009
29/10/2022,6959
30/10/2022,6909
31/10/2022,6977
01/11/2022,7037
02/11/2022,6987
03/11/2022,6937
04/11/2022,6887
05/11/2022,6837
06/11/2022,6787
07/11/2022,6887
08/11/2022,6968
09/11/2022,7043
10/11/2022,6993
11/11/2022,6943
12/11/2022,7268
13/11/2022,7218
14/11/2022,7168
15/11/2022,7208
16/11/2022,7158
17/11/2022,7108
18/11/2022,7058
19/11/2022,7008
20/11/2022,7408
21/11/2022,7358
22/11/2022,7308
23/11/2022,7258
24/11/2022,7208
25/11/2022,7158
26/11/2022,7108
27/11/2022,7058
28/11/2022,7008
29/11/2022,6958
30/11/2022,6908
01/12/2022,6858
02/12/2022,6808
03/12/2022,6758
04/12/2022,6708
05/12/2022,6858
07/12/2022,7033
08/12/2022,6983
12/12/2022,6933
13/12/2022,6883
14/12/2022,6833
15/12/2022,7333
18/12/2022,7283
19/12/2022,7233
21/12/2022,7183
22/12/2022,7133
26/12/2022,7083
27/12/2022,7033
28/12/2022,6983
29/12/2022,6933
30/12/2022,6883
31/12/2022,6943
01/01/2023,7243
02/01/2023,7381
03/01/2023,7331
04/01/2023,7281
05/01/2023,7231
06/01/2023,7181
07/01/2023,7131
08/01/2023,7081
09/01/2023,7031
10/01/2023,6981
11/01/2023,6931
12/01/2023,6881
13/01/2023,6831
14/01/2023,7431
15/01/2023,7381
16/01/2023,7541
17/01/2023,7491
18/01/2023,7441
19/01/2023,7522
20/01/2023,7472
21/01/2023,7422
22/01/2023,7522
23/01/2023,7472
24/01/2023,7422
25/01/2023,7372
27/01/2023,7322
28/01/2023,7272
29/01/2023,7222
30/01/2023,7322
31/01/2023,7272
01/02/2023,7347
02/02/2023,7297
03/02/2023,7247
04/02/2023,7197
05/02/2023,7147
06/02/2023,7097
07/02/2023,7047
09/02/2023,7140
10/02/2023,7090
11/02/2023,7040
12/02/2023,6990
13/02/2023,6940
14/02/2023,6890
15/02/2023,6840
17/02/2023,6965
18/02/2023,6915
19/02/2023,6865
20/02/2023,6815
21/02/2023,6765
22/02/2023,6715
23/02/2023,6665
24/02/2023,6615
25/02/2023,6565
26/02/2023,6515
27/02/2023,6465
28/02/2023,6415
01/03/2023,6457
02/03/2023,6407
03/03/2023,6607
04/03/2023,6557
05/03/2023,6507
06/03/2023,6457
08/03/2023,6682
09/03/2023,6632
10/03/2023,6582
11/03/2023,6532
12/03/2023,6670
13/03/2023,6783
14/03/2023,6733
15/03/2023,7133
17/03/2023,7083
18/03/2023,7033
19/03/2023,7102
20/03/2023,7052
21/03/2023,7302
22/03/2023,7252
23/03/2023,7202
24/03/2023,7152
25/03/2023,7102
26/03/2023,7052
27/03/2023,7002
28/03/2023,6952
29/03/2023,6902
30/03/2023,6852
31/03/2023,6802
01/04/2023,6752
02/04/2023,6702
03/04/2023,6652
04/04/2023,6740
05/04/2023,6690
06/04/2023,6640
07/04/2023,6590
08/04/2023,6540
09/04/2023,6490
10/04/2023,6440
11/04/2023,6390
12/04/2023,6465
13/04/2023,6565
14/04/2023,6515
15/04/2023,6465
16/04/2023,6553
17/04/2023,6503
18/04/2023,6453
19/04/2023,6403
20/04/2023,6353
21/04/2023,6303
23/04/2023,6453
24/04/2023,6403
25/04/2023,6353
26/04/2023,6303
27/04/2023,6253
28/04/2023,6203
29/04/2023,6153
30/04/2023,6103
01/05/2023,6053
02/05/2023,6003
03/05/2023,6141
04/05/2023,6254
05/05/2023,6204
06/05/2023,6154
07/05/2023,6104
08/05/2023,6054
09/05/2023,6004
10/05/2023,6170
11/05/2023,6345
12/05/2023,6295
13/05/2023,6245
14/05/2023,6195
15/05/2023,6145
16/05/2023,6295
17/05/2023,6245
18/05/2023,6195
19/05/2023,6145
20/05/2023,6095
21/05/2023,6150
22/05/2023,6218
23/05/2023,6168
24/05/2023,6210
25/05/2023,6160
26/05/2023,6248
27/05/2023,6198
29/05/2023,6148
30/05/2023,6098
31/05/2023,6173
01/06/2023,6123
02/06/2023,6073
03/06/2023,6023
04/06/2023,5973
05/06/2023,6018
06/06/2023,5968
08/06/2023,5918
09/06/2023,5999
11/06/2023,5949
12/06/2023,5899
13/06/2023,5954
14/06/2023,5904
15/06/2023,5854
16/06/2023,5804
17/06/2023,5754
18/06/2023,5704
19/06/2023,5654
20/06/2023,5604
21/06/2023,5554
22/06/2023,5504
23/06/2023,5454
24/06/2023,5404
25/06/2023,5354
28/06/2023,5304
29/06/2023,5254
30/06/2023,5204
01/07/2023,5154
02/07/2023,5247
03/07/2023,5357
04/07/2023,5524
05/07/2023,5474
06/07/2023,5424
07/07/2023,5374
08/07/2023,5414
09/07/2023,5364
10/07/2023,5314
12/07/2023,5377
13/07/2023,5327
14/07/2023,5277
15/07/2023,5227
16/07/2023,5247
17/07/2023,5197
19/07/2023,5272
20/07/2023,5222
21/07/2023,5291
24/07/2023,5241
25/07/2023,5191
26/07/2023,5266
27/07/2023,5466
28/07/2023,5416
29/07/2023,5366
30/07/2023,5316
01/08/2023,5266
02/08/2023,5441
03/08/2023,5391
04/08/2023,5341
05/08/2023,5291
06/08/2023,5397
07/08/2023,5347
08/08/2023,5297
09/08/2023,5247
10/08/2023,5197
12/08/2023,5147
13/08/2023,5097
14/08/2023,5047
15/08/2023,5222
16/08/2023,5172
17/08/2023,5122
18/08/2023,5322
19/08/2023,5272
20/08/2023,5222
21/08/2023,5472
22/08/2023,5422
23/08/2023,5372
24/08/2023,5322
25/08/2023,5272
26/08/2023,5222
27/08/2023,5172
28/08/2023,5122
29/08/2023,5072
30/08/2023,5172
31/08/2023,5122
01/09/2023,5072
02/09/2023,5022
03/09/2023,5103
04/09/2023,5053
05/09/2023,5191
06/09/2023,5141
07/09/2023,5091
08/09/2023,5216
09/09/2023,5166
10/09/2023,5248
11/09/2023,5330
12/09/2023,5530
13/09/2023,5480
14/09/2023,5430
15/09/2023,5380
16/09/2023,5530
17/09/2023,5480
18/09/2023,5430
19/09/2023,5380
20/09/2023,5330
21/09/2023,5280
22/09/2023,5430
23/09/2023,5380
24/09/2023,5330
25/09/2023,5280
26/09/2023,5430
27/09/2023,5380
28/09/2023,5330
29/09/2023,5280
30/09/2023,5230
01/10/2023,5180
02/10/2023,5130
03/10/2023,5080
04/10/2023,5030
05/10/2023,4980
06/10/2023,4930
07/10/2023,4880
08/10/2023,4830
09/10/2023,4780
10/10/2023,4730
12/10/2023,4680
13/10/2023,4630
14/10/2023,4580
15/10/2023,4625
16/10/2023,4575
17/10/2023,4525
18/10/2023,4475
19/10/2023,4425
20/10/2023,4375
21/10/2023,4325
22/10/2023,4475
23/10/2023,4425
24/10/2023,4375
25/10/2023,4456
26/10/2023,4406
27/10/2023,4356
28/10/2023,4306
29/10/2023,4256
30/10/2023,4298
31/10/2023,4386
01/11/2023,4336
02/11/2023,4286
04/11/2023,4236
05/11/2023,4186
06/11/2023,4249
07/11/2023,4199
09/11/2023,4267
10/11/2023,4217
11/11/2023,4167
12/11/2023,4117
13/11/2023,4067
14/11/2023,4017
15/11/2023,4085
16/11/2023,4179
17/11/2023,4345
18/11/2023,4295
19/11/2023,4245
20/11/2023,4271
21/11/2023,4221
22/11/2023,4171
23/11/2023,4296
24/11/2023,4365
25/11/2023,4503
26/11/2023,4453
27/11/2023,4403
28/11/2023,4353
29/11/2023,4303
30/11/2023,4366
01/12/2023,4466
02/12/2023,4416
05/12/2023,4366
07/12/2023,4316
08/12/2023,4266
09/12/2023,4216
11/12/2023,4166
12/12/2023,4116
14/12/2023,4179
15/12/2023,4329
16/12/2023,4449
17/12/2023,4399
18/12/2023,4444
19/12/2023,4394
20/12/2023,4427
21/12/2023,4377
22/12/2023,4410
23/12/2023,4360
26/12/2023,4310
27/12/2023,4560
28/12/2023,4510
29/12/2023,4460
30/12/2023,4598
31/12/2023,4666
01/01/2024,4616
02/01/2024,4566
03/01/2024,4516
04/01/2024,4466
05/01/2024,4566
06/01/2024,4516
07/01/2024,4466
08/01/2024,4559
09/01/2024,4509
10/01/2024,4459
11/01/2024,4634
12/01/2024,4784
13/01/2024,4734
14/01/2024,4684
15/01/2024,4634
16/01/2024,4734
17/01/2024,4684
18/01/2024,4634
19/01/2024,4584
20/01/2024,4672
21/01/2024,4622
22/01/2024,4735
23/01/2024,5010
24/01/2024,4960
25/01/2024,5073
26/01/2024,5023
27/01/2024,4973
28/01/2024,4923
29/01/2024,5048
30/01/2024,4998
31/01/2024,4948
01/02/2024,4898
03/02/2024,5148
04/02/2024,5098
05/02/2024,5223
06/02/2024,5173
07/02/2024,5123
10/02/2024,5448
11/02/2024,5398
13/02/2024,5348
14/02/2024,5298
15/02/2024,5248
16/02/2024,5198
17/02/2024,5148
18/02/2024,5248
19/02/2024,5386
20/02/2024,5336
21/02/2024,5286
22/02/2024,5341
23/02/2024,5291
25/02/2024,5241
26/02/2024,5191
27/02/2024,5141
28/02/2024,5091
29/02/2024,5172
02/03/2024,5122
03/03/2024,5072
04/03/2024,5022
05/03/2024,4972
06/03/2024,4922
07/03/2024,4872
08/03/2024,4822
09/03/2024,4772
10/03/2024,4722
11/03/2024,4672
12/03/2024,4622
13/03/2024,4997
14/03/2024,4947
15/03/2024,4897
16/03/2024,4847
17/03/2024,4797
18/03/2024,4842
19/03/2024,4792
20/03/2024,4742
21/03/2024,4805
22/03/2024,4755
23/03/2024,4705
24/03/2024,4655
25/03/2024,4605
26/03/2024,4555
27/03/2024,4505
28/03/2024,4455
29/03/2024,4405
31/03/2024,4355
01/04/2024,4305
02/04/2024,4255
03/04/2024,4205
05/04/2024,4255
06/04/2024,4205
07/04/2024,4155
08/04/2024,4280
09/04/2024,4230
10/04/2024,4180
11/04/2024,4248
12/04/2024,4316
13/04/2024,4266
14/04/2024,4366
16/04/2024,4316
17/04/2024,4482
18/04/2024,4432
19/04/2024,4500
20/04/2024,5400
21/04/2024,5350
22/04/2024,5300
23/04/2024,5250
24/04/2024,5200
25/04/2024,5338
26/04/2024,5288
27/04/2024,5713
28/04/2024,5663
29/04/2024,5863
30/04/2024,5813
01/05/2024,5988
02/05/2024,5938
03/05/2024,6038
04/05/2024,5988
05/05/2024,5938
06/05/2024,5888
07/05/2024,5838
08/05/2024,5788
09/05/2024,5738
11/05/2024,5688
12/05/2024,5638
13/05/2024,5731
14/05/2024,5764
15/05/2024,5714
16/05/2024,5664
17/05/2024,5614
18/05/2024,5564
19/05/2024,5764
20/05/2024,5714
21/05/2024,5664
22/05/2024,5784
23/05/2024,5734
24/05/2024,5684
25/05/2024,5634
26/05/2024,5584
27/05/2024,5534
28/05/2024,5672
29/05/2024,5822
30/05/2024,5903
31/05/2024,6228
01/06/2024,6178
02/06/2024,6128
03/06/2024,6428
04/06/2024,6378
05/06/2024,6553
06/06/2024,6719
07/06/2024,6669
08/06/2024,6894
09/06/2024,6844
10/06/2024,6794
11/06/2024,6932
12/06/2024,6882
13/06/2024,6832
