Date,Symbol,TradeType,Price,Profit,Balance
2024-03-15,Book2,Short Entry,4897,0,10000
2024-03-18,Book2,Short Exit,4842,55,10055
2024-03-19,Book2,Short Entry,4792,0,10055
2024-04-12,Book2,Short Exit,4316,476,10531
2024-04-13,Book2,Short Entry,4266,0,10531
2024-04-14,Book2,Short Exit,4366,-100,10431
2024-04-15,Book2,Long Entry,4366,0,10431
2024-05-08,Book2,Long Exit,5788,1422,11853
2024-05-09,Book2,Long Entry,5738,0,11853
2024-05-10,Book2,Long Exit,5738,0,11853
2024-05-11,Book2,Short Entry,5688,0,11853
2024-05-19,Book2,Short Exit,5764,-76,11777
2024-05-20,Book2,Short Entry,5714,0,11777
2024-05-28,Book2,Short Exit,5672,42,11819
2024-05-29,Book2,Long Entry,5822,0,11819
