operation,clock,publish_time,connection_time,publish_datetime,market_id,market_definition_bet_delay,market_definition_betting_type,market_definition_bsp_market,market_definition_complete,market_definition_country_code,market_definition_cross_matching,market_definition_discount_allowed,market_definition_event_id,market_definition_event_type_id,market_definition_in_play,market_definition_market_base_rate,market_definition_market_time,market_definition_market_type,market_definition_number_of_active_runners,market_definition_number_of_winners,market_definition_open_date,market_definition_persistence_enabled,market_definition_regulators,market_definition_rules_has_date_expiry,market_definition_status,market_definition_suspend_time,market_definition_timezone,market_definition_turn_in_play_enabled,market_definition_venue,market_definition_version,market_definition_market_datetime,runner_id,runner_fullImage_price,runner_last_price_traded,runner_total_matched,runner_removal_date,runner_adjustment_factor,runner_handicap
mcm,7818562832,1677497579606,,2023-02-27 06:32:59.606,1.210613862,0.0,ODDS,True,True,GB,False,True,32144451,7,False,5.0,2023-03-01T14:20:00.000Z,WIN,4.0,1.0,2023-03-01T13:50:00.000Z,True,['MR_INT'],,OPEN,2023-03-01T14:20:00.000Z,Europe/London,True,Musselburgh,5078054473.0,,,,,,,,
mcm,7825639597,1677604745738,,2023-02-28 12:19:05.738,1.210613862,,,,,,,,,,,,,,,,,,,,,,,,,,,42124604.0,,2.18,,,,
mcm,7825696635,1677605333919,,2023-02-28 12:28:53.919,1.210613862,,,,,,,,,,,,,,,,,,,,,,,,,,,42124604.0,,2.28,,,,
mcm,7825730045,1677605693869,,2023-02-28 12:34:53.869,1.210613862,,,,,,,,,,,,,,,,,,,,,,,,,,,42124604.0,,2.2,,,,
mcm,7825730045,1677605693869,,2023-02-28 12:34:53.869,1.210613862,,,,,,,,,,,,,,,,,,,,,,,,,,,42064849.0,,2.98,,,,
mcm,7825836962,1677606882882,,2023-02-28 12:54:42.882,1.210613862,,,,,,,,,,,,,,,,,,,,,,,,,,,42124604.0,,2.18,,,,
mcm,7825841335,1677606938907,,2023-02-28 12:55:38.907,1.210613862,,,,,,,,,,,,,,,,,,,,,,,,,,,42124604.0,,2.14,,,,
mcm,7825846865,1677607016573,,2023-02-28 12:56:56.573,1.210613862,,,,,,,,,,,,,,,,,,,,,,,,,,,27403237.0,,8.2,,,,
mcm,7825851352,1677607072056,,2023-02-28 12:57:52.056,1.210613862,,,,,,,,,,,,,,,,,,,,,,,,,,,27403237.0,,6.6,,,,
mcm,7825879900,1677607432377,,2023-02-28 13:03:52.377,1.210613862,,,,,,,,,,,,,,,,,,,,,,,,,,,42124604.0,,2.18,,,,
mcm,7825879900,1677607432377,,2023-02-28 13:03:52.377,1.210613862,,,,,,,,,,,,,,,,,,,,,,,,,,,27403237.0,,6.4,,,,
mcm,7825945966,1677608033757,,2023-02-28 13:13:53.757,1.210613862,,,,,,,,,,,,,,,,,,,,,,,,,,,42064849.0,,3.1,,,,
mcm,7825945966,1677608033757,,2023-02-28 13:13:53.757,1.210613862,,,,,,,,,,,,,,,,,,,,,,,,,,,27403237.0,,6.2,,,,
mcm,7826017047,1677608629075,,2023-02-28 13:23:49.075,1.210613862,,,,,,,,,,,,,,,,,,,,,,,,,,,27403237.0,,6.0,,,,
mcm,7826059905,1677608996228,,2023-02-28 13:29:56.228,1.210613862,,,,,,,,,,,,,,,,,,,,,,,,,,,42124604.0,,2.26,,,,
mcm,7826227149,1677610495849,,2023-02-28 13:54:55.849,1.210613862,,,,,,,,,,,,,,,,,,,,,,,,,,,27403237.0,,6.8,,,,
mcm,7826442727,1677612402551,,2023-02-28 14:26:42.551,1.210613862,,,,,,,,,,,,,,,,,,,,,,,,,,,27403237.0,,7.0,,,,
mcm,7826468810,1677612655980,,2023-02-28 14:30:55.980,1.210613862,,,,,,,,,,,,,,,,,,,,,,,,,,,27403237.0,,6.2,,,,
mcm,7826482115,1677612766717,,2023-02-28 14:32:46.717,1.210613862,,,,,,,,,,,,,,,,,,,,,,,,,,,27403237.0,,7.0,,,,
mcm,7826531889,1677613124905,,2023-02-28 14:38:44.905,1.210613862,,,,,,,,,,,,,,,,,,,,,,,,,,,42064849.0,,3.05,,,,
mcm,7826579335,1677613436517,,2023-02-28 14:43:56.517,1.210613862,,,,,,,,,,,,,,,,,,,,,,,,,,,42124604.0,,2.24,,,,
mcm,7826579335,1677613436517,,2023-02-28 14:43:56.517,1.210613862,,,,,,,,,,,,,,,,,,,,,,,,,,,27403237.0,,5.5,,,,
mcm,7826619471,1677613672200,,2023-02-28 14:47:52.200,1.210613862,,,,,,,,,,,,,,,,,,,,,,,,,,,42124604.0,,2.26,,,,
mcm,7826677212,1677613974651,,2023-02-28 14:52:54.651,1.210613862,,,,,,,,,,,,,,,,,,,,,,,,,,,27403237.0,,6.8,,,,
mcm,7826826074,1677614695152,,2023-02-28 15:04:55.152,1.210613862,,,,,,,,,,,,,,,,,,,,,,,,,,,27403237.0,,6.0,,,,
mcm,7826838265,1677614754693,,2023-02-28 15:05:54.693,1.210613862,,,,,,,,,,,,,,,,,,,,,,,,,,,42124604.0,,2.28,,,,
mcm,7826838265,1677614754693,,2023-02-28 15:05:54.693,1.210613862,,,,,,,,,,,,,,,,,,,,,,,,,,,27403237.0,,6.6,,,,
mcm,7826875186,1677614931277,,2023-02-28 15:08:51.277,1.210613862,,,,,,,,,,,,,,,,,,,,,,,,,,,42124604.0,,2.24,,,,
mcm,7826928721,1677615176287,,2023-02-28 15:12:56.287,1.210613862,,,,,,,,,,,,,,,,,,,,,,,,,,,42124604.0,,2.28,,,,
mcm,7826928721,1677615176287,,2023-02-28 15:12:56.287,1.210613862,,,,,,,,,,,,,,,,,,,,,,,,,,,42064849.0,,2.98,,,,
mcm,7827297058,1677617156512,,2023-02-28 15:45:56.512,1.210613862,,,,,,,,,,,,,,,,,,,,,,,,,,,42124604.0,,2.24,,,,
mcm,7827537093,1677618416264,,2023-02-28 16:06:56.264,1.210613862,,,,,,,,,,,,,,,,,,,,,,,,,,,27403237.0,,7.0,,,,
mcm,7827629351,1677618896260,,2023-02-28 16:14:56.260,1.210613862,,,,,,,,,,,,,,,,,,,,,,,,,,,42124604.0,,2.3,,,,
mcm,7827754359,1677619615764,,2023-02-28 16:26:55.764,1.210613862,,,,,,,,,,,,,,,,,,,,,,,,,,,27403237.0,,6.6,,,,
mcm,7827782462,1677619794506,,2023-02-28 16:29:54.506,1.210613862,,,,,,,,,,,,,,,,,,,,,,,,,,,35856039.0,,9.0,,,,
mcm,7827846200,1677620276496,,2023-02-28 16:37:56.496,1.210613862,,,,,,,,,,,,,,,,,,,,,,,,,,,42124604.0,,2.54,,,,
mcm,7827851925,1677620327590,,2023-02-28 16:38:47.590,1.210613862,,,,,,,,,,,,,,,,,,,,,,,,,,,42064849.0,,2.9,,,,
mcm,7827868834,1677620503782,,2023-02-28 16:41:43.782,1.210613862,,,,,,,,,,,,,,,,,,,,,,,,,,,27403237.0,,7.0,,,,
mcm,7827898635,1677620876585,,2023-02-28 16:47:56.585,1.210613862,,,,,,,,,,,,,,,,,,,,,,,,,,,27403237.0,,6.8,,,,
mcm,7827990773,1677622136163,,2023-02-28 17:08:56.163,1.210613862,,,,,,,,,,,,,,,,,,,,,,,,,,,42064849.0,,2.92,,,,
mcm,7827995980,1677622194743,,2023-02-28 17:09:54.743,1.210613862,,,,,,,,,,,,,,,,,,,,,,,,,,,42064849.0,,2.9,,,,
mcm,7827995980,1677622194743,,2023-02-28 17:09:54.743,1.210613862,,,,,,,,,,,,,,,,,,,,,,,,,,,27403237.0,,6.6,,,,
mcm,7828000864,1677622256503,,2023-02-28 17:10:56.503,1.210613862,,,,,,,,,,,,,,,,,,,,,,,,,,,42124604.0,,2.46,,,,
mcm,7828000864,1677622256503,,2023-02-28 17:10:56.503,1.210613862,,,,,,,,,,,,,,,,,,,,,,,,,,,27403237.0,,6.8,,,,
mcm,7828036492,1677622735028,,2023-02-28 17:18:55.028,1.210613862,,,,,,,,,,,,,,,,,,,,,,,,,,,35856039.0,,9.2,,,,
mcm,7828036492,1677622735028,,2023-02-28 17:18:55.028,1.210613862,,,,,,,,,,,,,,,,,,,,,,,,,,,27403237.0,,6.6,,,,
mcm,7828041159,1677622796377,,2023-02-28 17:19:56.377,1.210613862,,,,,,,,,,,,,,,,,,,,,,,,,,,27403237.0,,6.8,,,,
mcm,7828056874,1677623011258,,2023-02-28 17:23:31.258,1.210613862,,,,,,,,,,,,,,,,,,,,,,,,,,,42064849.0,,2.94,,,,
mcm,7828102009,1677623636387,,2023-02-28 17:33:56.387,1.210613862,,,,,,,,,,,,,,,,,,,,,,,,,,,42124604.0,,2.54,,,,
mcm,7828147231,1677624291644,,2023-02-28 17:44:51.644,1.210613862,,,,,,,,,,,,,,,,,,,,,,,,,,,42064849.0,,2.82,,,,
mcm,7828159914,1677624475096,,2023-02-28 17:47:55.096,1.210613862,,,,,,,,,,,,,,,,,,,,,,,,,,,42124604.0,,2.34,,,,
mcm,7828159914,1677624475096,,2023-02-28 17:47:55.096,1.210613862,,,,,,,,,,,,,,,,,,,,,,,,,,,42064849.0,,2.92,,,,
mcm,7828168122,1677624596176,,2023-02-28 17:49:56.176,1.210613862,,,,,,,,,,,,,,,,,,,,,,,,,,,42064849.0,,2.96,,,,
mcm,7828218405,1677625343101,,2023-02-28 18:02:23.101,1.210613862,,,,,,,,,,,,,,,,,,,,,,,,,,,35856039.0,,9.0,,,,
mcm,7828296746,1677626336269,,2023-02-28 18:18:56.269,1.210613862,,,,,,,,,,,,,,,,,,,,,,,,,,,42064849.0,,3.0,,,,
mcm,7828311231,1677626513416,,2023-02-28 18:21:53.416,1.210613862,,,,,,,,,,,,,,,,,,,,,,,,,,,27403237.0,,7.0,,,,
mcm,7828431033,1677627894163,,2023-02-28 18:44:54.163,1.210613862,,,,,,,,,,,,,,,,,,,,,,,,,,,42124604.0,,2.32,,,,
mcm,7828506717,1677628961492,,2023-02-28 19:02:41.492,1.210613862,,,,,,,,,,,,,,,,,,,,,,,,,,,42124604.0,,2.3,,,,
mcm,7828578443,1677630042894,,2023-02-28 19:20:42.894,1.210613862,,,,,,,,,,,,,,,,,,,,,,,,,,,42124604.0,,2.4,,,,
mcm,7828583073,1677630114955,,2023-02-28 19:21:54.955,1.210613862,,,,,,,,,,,,,,,,,,,,,,,,,,,35856039.0,,9.2,,,,
mcm,7828590520,1677630233912,,2023-02-28 19:23:53.912,1.210613862,,,,,,,,,,,,,,,,,,,,,,,,,,,27403237.0,,6.0,,,,
mcm,7828597678,1677630356432,,2023-02-28 19:25:56.432,1.210613862,,,,,,,,,,,,,,,,,,,,,,,,,,,42124604.0,,2.36,,,,
mcm,7828611046,1677630586488,,2023-02-28 19:29:46.488,1.210613862,,,,,,,,,,,,,,,,,,,,,,,,,,,42124604.0,,2.38,,,,
mcm,7828616591,1677630671890,,2023-02-28 19:31:11.890,1.210613862,,,,,,,,,,,,,,,,,,,,,,,,,,,42064849.0,,2.98,,,,
mcm,7828616591,1677630671890,,2023-02-28 19:31:11.890,1.210613862,,,,,,,,,,,,,,,,,,,,,,,,,,,27403237.0,,6.6,,,,
mcm,7828634411,1677630951080,,2023-02-28 19:35:51.080,1.210613862,,,,,,,,,,,,,,,,,,,,,,,,,,,42124604.0,,2.36,,,,
mcm,7828641908,1677631075443,,2023-02-28 19:37:55.443,1.210613862,,,,,,,,,,,,,,,,,,,,,,,,,,,42064849.0,,3.0,,,,
mcm,7828684598,1677631733056,,2023-02-28 19:48:53.056,1.210613862,,,,,,,,,,,,,,,,,,,,,,,,,,,42124604.0,,2.38,,,,
mcm,7828759150,1677632935677,,2023-02-28 20:08:55.677,1.210613862,0.0,ODDS,True,True,GB,False,True,32144451,7,False,5.0,2023-03-01T14:20:00.000Z,WIN,4.0,1.0,2023-03-01T13:50:00.000Z,True,['MR_INT'],,SUSPENDED,2023-03-01T14:20:00.000Z,Europe/London,True,Musselburgh,5080446713.0,,,,,,,,
mcm,7828760037,1677632951081,,2023-02-28 20:09:11.081,1.210613862,0.0,ODDS,True,True,GB,False,True,32144451,7,False,5.0,2023-03-01T14:20:00.000Z,WIN,4.0,1.0,2023-03-01T13:50:00.000Z,True,['MR_INT'],,OPEN,2023-03-01T14:20:00.000Z,Europe/London,True,Musselburgh,5080446815.0,,,,,,,,
mcm,7828835452,1677634353966,,2023-02-28 20:32:33.966,1.210613862,,,,,,,,,,,,,,,,,,,,,,,,,,,42064849.0,,3.05,,,,
mcm,7828835452,1677634353966,,2023-02-28 20:32:33.966,1.210613862,,,,,,,,,,,,,,,,,,,,,,,,,,,27403237.0,,6.2,,,,
mcm,7828836857,1677634384889,,2023-02-28 20:33:04.889,1.210613862,,,,,,,,,,,,,,,,,,,,,,,,,,,27403237.0,,6.0,,,,
mcm,7828869749,1677635095542,,2023-02-28 20:44:55.542,1.210613862,,,,,,,,,,,,,,,,,,,,,,,,,,,35856039.0,,11.0,,,,
mcm,7828869749,1677635095542,,2023-02-28 20:44:55.542,1.210613862,,,,,,,,,,,,,,,,,,,,,,,,,,,27403237.0,,5.9,,,,
mcm,7828874716,1677635207045,,2023-02-28 20:46:47.045,1.210613862,,,,,,,,,,,,,,,,,,,,,,,,,,,27403237.0,,6.0,,,,
mcm,7828896890,1677635557351,,2023-02-28 20:52:37.351,1.210613862,,,,,,,,,,,,,,,,,,,,,,,,,,,42124604.0,,2.4,,,,
mcm,7828989758,1677637072651,,2023-02-28 21:17:52.651,1.210613862,,,,,,,,,,,,,,,,,,,,,,,,,,,42064849.0,,3.2,,,,
mcm,7829146132,1677639762194,,2023-02-28 22:02:42.194,1.210613862,,,,,,,,,,,,,,,,,,,,,,,,,,,27403237.0,,5.5,,,,
mcm,7829230476,1677641250310,,2023-02-28 22:27:30.310,1.210613862,,,,,,,,,,,,,,,,,,,,,,,,,,,42124604.0,,2.38,,,,
mcm,7829669586,1677648294594,,2023-03-01 00:24:54.594,1.210613862,,,,,,,,,,,,,,,,,,,,,,,,,,,42064849.0,,3.15,,,,
mcm,7829718655,1677649016520,,2023-03-01 00:36:56.520,1.210613862,,,,,,,,,,,,,,,,,,,,,,,,,,,42124604.0,,2.36,,,,
mcm,7829817697,1677650456499,,2023-03-01 01:00:56.499,1.210613862,,,,,,,,,,,,,,,,,,,,,,,,,,,27403237.0,,5.8,,,,
mcm,7829826228,1677650572760,,2023-03-01 01:02:52.760,1.210613862,,,,,,,,,,,,,,,,,,,,,,,,,,,27403237.0,,6.0,,,,
mcm,7829883191,1677651534638,,2023-03-01 01:18:54.638,1.210613862,,,,,,,,,,,,,,,,,,,,,,,,,,,42124604.0,,2.38,,,,
mcm,7829883191,1677651534638,,2023-03-01 01:18:54.638,1.210613862,,,,,,,,,,,,,,,,,,,,,,,,,,,42064849.0,,3.0,,,,
mcm,7829890543,1677651656376,,2023-03-01 01:20:56.376,1.210613862,,,,,,,,,,,,,,,,,,,,,,,,,,,42124604.0,,2.36,,,,
mcm,7829890543,1677651656376,,2023-03-01 01:20:56.376,1.210613862,,,,,,,,,,,,,,,,,,,,,,,,,,,42064849.0,,3.05,,,,
mcm,7829892644,1677651687949,,2023-03-01 01:21:27.949,1.210613862,,,,,,,,,,,,,,,,,,,,,,,,,,,27403237.0,,6.2,,,,
mcm,7829909339,1677651955592,,2023-03-01 01:25:55.592,1.210613862,,,,,,,,,,,,,,,,,,,,,,,,,,,35856039.0,,10.5,,,,
mcm,7829987212,1677653155028,,2023-03-01 01:45:55.028,1.210613862,,,,,,,,,,,,,,,,,,,,,,,,,,,42064849.0,,3.25,,,,
mcm,7830017990,1677653694851,,2023-03-01 01:54:54.851,1.210613862,,,,,,,,,,,,,,,,,,,,,,,,,,,27403237.0,,6.4,,,,
mcm,7830025134,1677653792571,,2023-03-01 01:56:32.571,1.210613862,,,,,,,,,,,,,,,,,,,,,,,,,,,42124604.0,,2.38,,,,
mcm,7830025134,1677653792571,,2023-03-01 01:56:32.571,1.210613862,,,,,,,,,,,,,,,,,,,,,,,,,,,42064849.0,,3.0,,,,
mcm,7830025134,1677653792571,,2023-03-01 01:56:32.571,1.210613862,,,,,,,,,,,,,,,,,,,,,,,,,,,27403237.0,,7.0,,,,
mcm,7830044770,1677653979695,,2023-03-01 01:59:39.695,1.210613862,,,,,,,,,,,,,,,,,,,,,,,,,,,42124604.0,,2.36,,,,
mcm,7830064198,1677654231989,,2023-03-01 02:03:51.989,1.210613862,,,,,,,,,,,,,,,,,,,,,,,,,,,42124604.0,,2.3,,,,
mcm,7830069438,1677654292826,,2023-03-01 02:04:52.826,1.210613862,,,,,,,,,,,,,,,,,,,,,,,,,,,42124604.0,,2.32,,,,
mcm,7830078430,1677654416569,,2023-03-01 02:06:56.569,1.210613862,,,,,,,,,,,,,,,,,,,,,,,,,,,42124604.0,,2.3,,,,
mcm,7830094937,1677654654732,,2023-03-01 02:10:54.732,1.210613862,,,,,,,,,,,,,,,,,,,,,,,,,,,42124604.0,,2.28,,,,
mcm,7830094937,1677654654732,,2023-03-01 02:10:54.732,1.210613862,,,,,,,,,,,,,,,,,,,,,,,,,,,27403237.0,,6.4,,,,
mcm,7830116017,1677654955878,,2023-03-01 02:15:55.878,1.210613862,,,,,,,,,,,,,,,,,,,,,,,,,,,42124604.0,,2.3,,,,
mcm,7830127157,1677655131850,,2023-03-01 02:18:51.850,1.210613862,,,,,,,,,,,,,,,,,,,,,,,,,,,42124604.0,,2.28,,,,
mcm,7830136884,1677655307687,,2023-03-01 02:21:47.687,1.210613862,,,,,,,,,,,,,,,,,,,,,,,,,,,42124604.0,,2.32,,,,
mcm,7830143955,1677655436356,,2023-03-01 02:23:56.356,1.210613862,,,,,,,,,,,,,,,,,,,,,,,,,,,27403237.0,,6.2,,,,
mcm,7830176116,1677655856339,,2023-03-01 02:30:56.339,1.210613862,,,,,,,,,,,,,,,,,,,,,,,,,,,42124604.0,,2.3,,,,
mcm,7830187690,1677656036516,,2023-03-01 02:33:56.516,1.210613862,,,,,,,,,,,,,,,,,,,,,,,,,,,42124604.0,,2.34,,,,
mcm,7830187690,1677656036516,,2023-03-01 02:33:56.516,1.210613862,,,,,,,,,,,,,,,,,,,,,,,,,,,42064849.0,,3.05,,,,
mcm,7830208789,1677656336492,,2023-03-01 02:38:56.492,1.210613862,,,,,,,,,,,,,,,,,,,,,,,,,,,42124604.0,,2.3,,,,
mcm,7830244583,1677656935265,,2023-03-01 02:48:55.265,1.210613862,,,,,,,,,,,,,,,,,,,,,,,,,,,42064849.0,,3.0,,,,
mcm,7830247262,1677656994724,,2023-03-01 02:49:54.724,1.210613862,,,,,,,,,,,,,,,,,,,,,,,,,,,42124604.0,,2.34,,,,
mcm,7830247262,1677656994724,,2023-03-01 02:49:54.724,1.210613862,,,,,,,,,,,,,,,,,,,,,,,,,,,42064849.0,,2.92,,,,
mcm,7830247262,1677656994724,,2023-03-01 02:49:54.724,1.210613862,,,,,,,,,,,,,,,,,,,,,,,,,,,27403237.0,,5.9,,,,
mcm,7830250249,1677657056529,,2023-03-01 02:50:56.529,1.210613862,,,,,,,,,,,,,,,,,,,,,,,,,,,42064849.0,,2.9,,,,
mcm,7830262964,1677657296387,,2023-03-01 02:54:56.387,1.210613862,,,,,,,,,,,,,,,,,,,,,,,,,,,27403237.0,,7.0,,,,
mcm,7830286776,1677657656583,,2023-03-01 03:00:56.583,1.210613862,,,,,,,,,,,,,,,,,,,,,,,,,,,42064849.0,,3.0,,,,
mcm,7830286776,1677657656583,,2023-03-01 03:00:56.583,1.210613862,,,,,,,,,,,,,,,,,,,,,,,,,,,35856039.0,,13.5,,,,
mcm,7830286776,1677657656583,,2023-03-01 03:00:56.583,1.210613862,,,,,,,,,,,,,,,,,,,,,,,,,,,27403237.0,,5.7,,,,
mcm,7830300362,1677657836480,,2023-03-01 03:03:56.480,1.210613862,,,,,,,,,,,,,,,,,,,,,,,,,,,42124604.0,,2.44,,,,
mcm,7830300362,1677657836480,,2023-03-01 03:03:56.480,1.210613862,,,,,,,,,,,,,,,,,,,,,,,,,,,42064849.0,,3.1,,,,
mcm,7830300362,1677657836480,,2023-03-01 03:03:56.480,1.210613862,,,,,,,,,,,,,,,,,,,,,,,,,,,35856039.0,,15.0,,,,
mcm,7830300362,1677657836480,,2023-03-01 03:03:56.480,1.210613862,,,,,,,,,,,,,,,,,,,,,,,,,,,27403237.0,,5.2,,,,
mcm,7830306787,1677657895340,,2023-03-01 03:04:55.340,1.210613862,,,,,,,,,,,,,,,,,,,,,,,,,,,27403237.0,,4.9,,,,
mcm,7830314419,1677657954915,,2023-03-01 03:05:54.915,1.210613862,,,,,,,,,,,,,,,,,,,,,,,,,,,42124604.0,,2.42,,,,
mcm,7830314419,1677657954915,,2023-03-01 03:05:54.915,1.210613862,,,,,,,,,,,,,,,,,,,,,,,,,,,35856039.0,,14.5,,,,
mcm,7830314419,1677657954915,,2023-03-01 03:05:54.915,1.210613862,,,,,,,,,,,,,,,,,,,,,,,,,,,27403237.0,,5.2,,,,
mcm,7830322246,1677658013783,,2023-03-01 03:06:53.783,1.210613862,,,,,,,,,,,,,,,,,,,,,,,,,,,27403237.0,,5.0,,,,
mcm,7830337250,1677658076276,,2023-03-01 03:07:56.276,1.210613862,,,,,,,,,,,,,,,,,,,,,,,,,,,42064849.0,,3.15,,,,
mcm,7830337250,1677658076276,,2023-03-01 03:07:56.276,1.210613862,,,,,,,,,,,,,,,,,,,,,,,,,,,27403237.0,,5.3,,,,
mcm,7830342408,1677658134226,,2023-03-01 03:08:54.226,1.210613862,,,,,,,,,,,,,,,,,,,,,,,,,,,27403237.0,,5.1,,,,
mcm,7830346447,1677658195727,,2023-03-01 03:09:55.727,1.210613862,,,,,,,,,,,,,,,,,,,,,,,,,,,42124604.0,,2.44,,,,
mcm,7830346447,1677658195727,,2023-03-01 03:09:55.727,1.210613862,,,,,,,,,,,,,,,,,,,,,,,,,,,42064849.0,,3.1,,,,
mcm,7830349723,1677658250105,,2023-03-01 03:10:50.105,1.210613862,,,,,,,,,,,,,,,,,,,,,,,,,,,27403237.0,,5.0,,,,
mcm,7830359540,1677658436302,,2023-03-01 03:13:56.302,1.210613862,,,,,,,,,,,,,,,,,,,,,,,,,,,42124604.0,,2.48,,,,
mcm,7830362442,1677658496584,,2023-03-01 03:14:56.584,1.210613862,,,,,,,,,,,,,,,,,,,,,,,,,,,27403237.0,,4.8,,,,
mcm,7830365449,1677658556535,,2023-03-01 03:15:56.535,1.210613862,,,,,,,,,,,,,,,,,,,,,,,,,,,27403237.0,,5.0,,,,
mcm,7830370701,1677658676560,,2023-03-01 03:17:56.560,1.210613862,,,,,,,,,,,,,,,,,,,,,,,,,,,35856039.0,,16.0,,,,
mcm,7830370701,1677658676560,,2023-03-01 03:17:56.560,1.210613862,,,,,,,,,,,,,,,,,,,,,,,,,,,27403237.0,,5.1,,,,
mcm,7830373077,1677658736239,,2023-03-01 03:18:56.239,1.210613862,,,,,,,,,,,,,,,,,,,,,,,,,,,42124604.0,,2.42,,,,
mcm,7830373077,1677658736239,,2023-03-01 03:18:56.239,1.210613862,,,,,,,,,,,,,,,,,,,,,,,,,,,42064849.0,,3.0,,,,
mcm,7830373077,1677658736239,,2023-03-01 03:18:56.239,1.210613862,,,,,,,,,,,,,,,,,,,,,,,,,,,27403237.0,,4.9,,,,
mcm,7830378343,1677658854545,,2023-03-01 03:20:54.545,1.210613862,,,,,,,,,,,,,,,,,,,,,,,,,,,35856039.0,,15.0,,,,
mcm,7830380912,1677658915537,,2023-03-01 03:21:55.537,1.210613862,,,,,,,,,,,,,,,,,,,,,,,,,,,42124604.0,,2.5,,,,
mcm,7830380912,1677658915537,,2023-03-01 03:21:55.537,1.210613862,,,,,,,,,,,,,,,,,,,,,,,,,,,42064849.0,,3.15,,,,
mcm,7830380912,1677658915537,,2023-03-01 03:21:55.537,1.210613862,,,,,,,,,,,,,,,,,,,,,,,,,,,35856039.0,,11.5,,,,
mcm,7830380912,1677658915537,,2023-03-01 03:21:55.537,1.210613862,,,,,,,,,,,,,,,,,,,,,,,,,,,27403237.0,,5.1,,,,
mcm,7830389030,1677659096488,,2023-03-01 03:24:56.488,1.210613862,,,,,,,,,,,,,,,,,,,,,,,,,,,42124604.0,,2.46,,,,
mcm,7830389030,1677659096488,,2023-03-01 03:24:56.488,1.210613862,,,,,,,,,,,,,,,,,,,,,,,,,,,35856039.0,,12.5,,,,
mcm,7830389030,1677659096488,,2023-03-01 03:24:56.488,1.210613862,,,,,,,,,,,,,,,,,,,,,,,,,,,27403237.0,,5.0,,,,
mcm,7830392105,1677659156460,,2023-03-01 03:25:56.460,1.210613862,,,,,,,,,,,,,,,,,,,,,,,,,,,35856039.0,,11.5,,,,
mcm,7830395484,1677659216515,,2023-03-01 03:26:56.515,1.210613862,,,,,,,,,,,,,,,,,,,,,,,,,,,42124604.0,,2.4,,,,
mcm,7830395484,1677659216515,,2023-03-01 03:26:56.515,1.210613862,,,,,,,,,,,,,,,,,,,,,,,,,,,42064849.0,,3.1,,,,
mcm,7830398862,1677659276343,,2023-03-01 03:27:56.343,1.210613862,,,,,,,,,,,,,,,,,,,,,,,,,,,35856039.0,,12.0,,,,
mcm,7830398862,1677659276343,,2023-03-01 03:27:56.343,1.210613862,,,,,,,,,,,,,,,,,,,,,,,,,,,27403237.0,,4.9,,,,
mcm,7830410318,1677659336537,,2023-03-01 03:28:56.537,1.210613862,,,,,,,,,,,,,,,,,,,,,,,,,,,42064849.0,,3.15,,,,
mcm,7830410318,1677659336537,,2023-03-01 03:28:56.537,1.210613862,,,,,,,,,,,,,,,,,,,,,,,,,,,35856039.0,,14.0,,,,
mcm,7830410318,1677659336537,,2023-03-01 03:28:56.537,1.210613862,,,,,,,,,,,,,,,,,,,,,,,,,,,27403237.0,,5.1,,,,
mcm,7830417710,1677659455636,,2023-03-01 03:30:55.636,1.210613862,,,,,,,,,,,,,,,,,,,,,,,,,,,27403237.0,,5.0,,,,
mcm,7830425148,1677659576483,,2023-03-01 03:32:56.483,1.210613862,,,,,,,,,,,,,,,,,,,,,,,,,,,42124604.0,,2.42,,,,
mcm,7830425148,1677659576483,,2023-03-01 03:32:56.483,1.210613862,,,,,,,,,,,,,,,,,,,,,,,,,,,42064849.0,,3.05,,,,
mcm,7830425148,1677659576483,,2023-03-01 03:32:56.483,1.210613862,,,,,,,,,,,,,,,,,,,,,,,,,,,27403237.0,,4.9,,,,
mcm,7830428665,1677659636466,,2023-03-01 03:33:56.466,1.210613862,,,,,,,,,,,,,,,,,,,,,,,,,,,42064849.0,,3.1,,,,
mcm,7830428665,1677659636466,,2023-03-01 03:33:56.466,1.210613862,,,,,,,,,,,,,,,,,,,,,,,,,,,35856039.0,,13.5,,,,
mcm,7830435589,1677659755677,,2023-03-01 03:35:55.677,1.210613862,,,,,,,,,,,,,,,,,,,,,,,,,,,27403237.0,,5.0,,,,
mcm,7830438782,1677659816526,,2023-03-01 03:36:56.526,1.210613862,,,,,,,,,,,,,,,,,,,,,,,,,,,42124604.0,,2.56,,,,
mcm,7830438782,1677659816526,,2023-03-01 03:36:56.526,1.210613862,,,,,,,,,,,,,,,,,,,,,,,,,,,35856039.0,,13.0,,,,
mcm,7830441916,1677659876389,,2023-03-01 03:37:56.389,1.210613862,,,,,,,,,,,,,,,,,,,,,,,,,,,42124604.0,,2.54,,,,
mcm,7830441916,1677659876389,,2023-03-01 03:37:56.389,1.210613862,,,,,,,,,,,,,,,,,,,,,,,,,,,42064849.0,,3.05,,,,
mcm,7830441916,1677659876389,,2023-03-01 03:37:56.389,1.210613862,,,,,,,,,,,,,,,,,,,,,,,,,,,27403237.0,,4.9,,,,
mcm,7830444942,1677659931679,,2023-03-01 03:38:51.679,1.210613862,,,,,,,,,,,,,,,,,,,,,,,,,,,42124604.0,,2.52,,,,
mcm,7830448673,1677659996581,,2023-03-01 03:39:56.581,1.210613862,,,,,,,,,,,,,,,,,,,,,,,,,,,42124604.0,,2.54,,,,
mcm,7830448673,1677659996581,,2023-03-01 03:39:56.581,1.210613862,,,,,,,,,,,,,,,,,,,,,,,,,,,42064849.0,,2.9,,,,
mcm,7830448673,1677659996581,,2023-03-01 03:39:56.581,1.210613862,,,,,,,,,,,,,,,,,,,,,,,,,,,35856039.0,,14.5,,,,
mcm,7830448673,1677659996581,,2023-03-01 03:39:56.581,1.210613862,,,,,,,,,,,,,,,,,,,,,,,,,,,27403237.0,,5.0,,,,
mcm,7830452198,1677660056572,,2023-03-01 03:40:56.572,1.210613862,,,,,,,,,,,,,,,,,,,,,,,,,,,42124604.0,,2.52,,,,
mcm,7830452198,1677660056572,,2023-03-01 03:40:56.572,1.210613862,,,,,,,,,,,,,,,,,,,,,,,,,,,35856039.0,,12.5,,,,
mcm,7830456878,1677660115995,,2023-03-01 03:41:55.995,1.210613862,,,,,,,,,,,,,,,,,,,,,,,,,,,42124604.0,,2.68,,,,
mcm,7830456878,1677660115995,,2023-03-01 03:41:55.995,1.210613862,,,,,,,,,,,,,,,,,,,,,,,,,,,42064849.0,,2.74,,,,
mcm,7830456878,1677660115995,,2023-03-01 03:41:55.995,1.210613862,,,,,,,,,,,,,,,,,,,,,,,,,,,27403237.0,,5.2,,,,
mcm,7830462000,1677660174761,,2023-03-01 03:42:54.761,1.210613862,,,,,,,,,,,,,,,,,,,,,,,,,,,27403237.0,,5.1,,,,
mcm,7830468357,1677660235893,,2023-03-01 03:43:55.893,1.210613862,,,,,,,,,,,,,,,,,,,,,,,,,,,42064849.0,,2.76,,,,
mcm,7830468357,1677660235893,,2023-03-01 03:43:55.893,1.210613862,,,,,,,,,,,,,,,,,,,,,,,,,,,35856039.0,,14.0,,,,
mcm,7830474859,1677660296421,,2023-03-01 03:44:56.421,1.210613862,,,,,,,,,,,,,,,,,,,,,,,,,,,42124604.0,,2.7,,,,
mcm,7830474859,1677660296421,,2023-03-01 03:44:56.421,1.210613862,,,,,,,,,,,,,,,,,,,,,,,,,,,42064849.0,,2.68,,,,
mcm,7830474859,1677660296421,,2023-03-01 03:44:56.421,1.210613862,,,,,,,,,,,,,,,,,,,,,,,,,,,35856039.0,,13.5,,,,
mcm,7830474859,1677660296421,,2023-03-01 03:44:56.421,1.210613862,,,,,,,,,,,,,,,,,,,,,,,,,,,27403237.0,,5.2,,,,
mcm,7830481046,1677660356288,,2023-03-01 03:45:56.288,1.210613862,,,,,,,,,,,,,,,,,,,,,,,,,,,42124604.0,,2.8,,,,
mcm,7830481046,1677660356288,,2023-03-01 03:45:56.288,1.210613862,,,,,,,,,,,,,,,,,,,,,,,,,,,42064849.0,,2.62,,,,
mcm,7830481046,1677660356288,,2023-03-01 03:45:56.288,1.210613862,,,,,,,,,,,,,,,,,,,,,,,,,,,35856039.0,,14.5,,,,
mcm,7830486430,1677660416579,,2023-03-01 03:46:56.579,1.210613862,,,,,,,,,,,,,,,,,,,,,,,,,,,42124604.0,,2.72,,,,
mcm,7830486430,1677660416579,,2023-03-01 03:46:56.579,1.210613862,,,,,,,,,,,,,,,,,,,,,,,,,,,42064849.0,,2.58,,,,
mcm,7830486430,1677660416579,,2023-03-01 03:46:56.579,1.210613862,,,,,,,,,,,,,,,,,,,,,,,,,,,35856039.0,,15.0,,,,
mcm,7830486430,1677660416579,,2023-03-01 03:46:56.579,1.210613862,,,,,,,,,,,,,,,,,,,,,,,,,,,27403237.0,,5.4,,,,
mcm,7830491166,1677660476451,,2023-03-01 03:47:56.451,1.210613862,,,,,,,,,,,,,,,,,,,,,,,,,,,27403237.0,,5.2,,,,
mcm,7830495539,1677660536382,,2023-03-01 03:48:56.382,1.210613862,,,,,,,,,,,,,,,,,,,,,,,,,,,42124604.0,,2.78,,,,
mcm,7830498969,1677660596073,,2023-03-01 03:49:56.073,1.210613862,,,,,,,,,,,,,,,,,,,,,,,,,,,35856039.0,,14.0,,,,
mcm,7830498969,1677660596073,,2023-03-01 03:49:56.073,1.210613862,,,,,,,,,,,,,,,,,,,,,,,,,,,27403237.0,,5.1,,,,
mcm,7830501746,1677660656227,,2023-03-01 03:50:56.227,1.210613862,,,,,,,,,,,,,,,,,,,,,,,,,,,35856039.0,,13.0,,,,
mcm,7830504635,1677660716508,,2023-03-01 03:51:56.508,1.210613862,0.0,ODDS,True,True,GB,False,True,32144451,7,False,5.0,2023-03-01T14:20:00.000Z,WIN,4.0,1.0,2023-03-01T13:50:00.000Z,True,['MR_INT'],,OPEN,2023-03-01T14:20:00.000Z,Europe/London,True,Musselburgh,5080786813.0,,27403237.0,,5.0,,,,
mcm,7830507785,1677660775319,,2023-03-01 03:52:55.319,1.210613862,,,,,,,,,,,,,,,,,,,,,,,,,,,42124604.0,,2.84,,,,
mcm,7830507785,1677660775319,,2023-03-01 03:52:55.319,1.210613862,,,,,,,,,,,,,,,,,,,,,,,,,,,42064849.0,,2.62,,,,
mcm,7830507785,1677660775319,,2023-03-01 03:52:55.319,1.210613862,,,,,,,,,,,,,,,,,,,,,,,,,,,35856039.0,,14.0,,,,
mcm,7830511314,1677660836101,,2023-03-01 03:53:56.101,1.210613862,,,,,,,,,,,,,,,,,,,,,,,,,,,42124604.0,,2.82,,,,
mcm,7830511314,1677660836101,,2023-03-01 03:53:56.101,1.210613862,,,,,,,,,,,,,,,,,,,,,,,,,,,42064849.0,,2.6,,,,
mcm,7830511314,1677660836101,,2023-03-01 03:53:56.101,1.210613862,,,,,,,,,,,,,,,,,,,,,,,,,,,35856039.0,,12.0,,,,
mcm,7830511314,1677660836101,,2023-03-01 03:53:56.101,1.210613862,,,,,,,,,,,,,,,,,,,,,,,,,,,27403237.0,,5.2,,,,
mcm,7830514807,1677660894842,,2023-03-01 03:54:54.842,1.210613862,,,,,,,,,,,,,,,,,,,,,,,,,,,27403237.0,,4.9,,,,
mcm,7830517927,1677660954741,,2023-03-01 03:55:54.741,1.210613862,,,,,,,,,,,,,,,,,,,,,,,,,,,35856039.0,,13.5,,,,
mcm,7830521331,1677661016394,,2023-03-01 03:56:56.394,1.210613862,,,,,,,,,,,,,,,,,,,,,,,,,,,35856039.0,,13.0,,,,
mcm,7830527674,1677661136565,,2023-03-01 03:58:56.565,1.210613862,,,,,,,,,,,,,,,,,,,,,,,,,,,42064849.0,,2.62,,,,
mcm,7830527674,1677661136565,,2023-03-01 03:58:56.565,1.210613862,,,,,,,,,,,,,,,,,,,,,,,,,,,27403237.0,,5.2,,,,
mcm,7830530840,1677661196375,,2023-03-01 03:59:56.375,1.210613862,,,,,,,,,,,,,,,,,,,,,,,,,,,42124604.0,,2.84,,,,
mcm,7830530840,1677661196375,,2023-03-01 03:59:56.375,1.210613862,,,,,,,,,,,,,,,,,,,,,,,,,,,27403237.0,,5.0,,,,
mcm,7830534520,1677661256554,,2023-03-01 04:00:56.554,1.210613862,,,,,,,,,,,,,,,,,,,,,,,,,,,42124604.0,,2.78,,,,
mcm,7830534520,1677661256554,,2023-03-01 04:00:56.554,1.210613862,,,,,,,,,,,,,,,,,,,,,,,,,,,27403237.0,,4.9,,,,
mcm,7830537842,1677661316539,,2023-03-01 04:01:56.539,1.210613862,,,,,,,,,,,,,,,,,,,,,,,,,,,42124604.0,,2.76,,,,
mcm,7830541653,1677661376588,,2023-03-01 04:02:56.588,1.210613862,,,,,,,,,,,,,,,,,,,,,,,,,,,42064849.0,,2.64,,,,
mcm,7830541653,1677661376588,,2023-03-01 04:02:56.588,1.210613862,,,,,,,,,,,,,,,,,,,,,,,,,,,27403237.0,,5.0,,,,
mcm,7830545634,1677661432847,,2023-03-01 04:03:52.847,1.210613862,,,,,,,,,,,,,,,,,,,,,,,,,,,42124604.0,,2.84,,,,
mcm,7830545634,1677661432847,,2023-03-01 04:03:52.847,1.210613862,,,,,,,,,,,,,,,,,,,,,,,,,,,35856039.0,,14.0,,,,
mcm,7830549630,1677661495350,,2023-03-01 04:04:55.350,1.210613862,,,,,,,,,,,,,,,,,,,,,,,,,,,42124604.0,,2.78,,,,
mcm,7830549630,1677661495350,,2023-03-01 04:04:55.350,1.210613862,,,,,,,,,,,,,,,,,,,,,,,,,,,27403237.0,,5.2,,,,
mcm,7830553638,1677661555802,,2023-03-01 04:05:55.802,1.210613862,,,,,,,,,,,,,,,,,,,,,,,,,,,42064849.0,,2.66,,,,
mcm,7830553638,1677661555802,,2023-03-01 04:05:55.802,1.210613862,,,,,,,,,,,,,,,,,,,,,,,,,,,27403237.0,,5.0,,,,
mcm,7830556770,1677661616405,,2023-03-01 04:06:56.405,1.210613862,,,,,,,,,,,,,,,,,,,,,,,,,,,42064849.0,,2.7,,,,
mcm,7830559986,1677661675545,,2023-03-01 04:07:55.545,1.210613862,,,,,,,,,,,,,,,,,,,,,,,,,,,42124604.0,,2.76,,,,
mcm,7830566189,1677661796262,,2023-03-01 04:09:56.262,1.210613862,,,,,,,,,,,,,,,,,,,,,,,,,,,42124604.0,,2.8,,,,
mcm,7830566189,1677661796262,,2023-03-01 04:09:56.262,1.210613862,,,,,,,,,,,,,,,,,,,,,,,,,,,35856039.0,,13.5,,,,
mcm,7830566189,1677661796262,,2023-03-01 04:09:56.262,1.210613862,,,,,,,,,,,,,,,,,,,,,,,,,,,27403237.0,,5.1,,,,
mcm,7830569488,1677661856550,,2023-03-01 04:10:56.550,1.210613862,,,,,,,,,,,,,,,,,,,,,,,,,,,42124604.0,,2.74,,,,
mcm,7830569488,1677661856550,,2023-03-01 04:10:56.550,1.210613862,,,,,,,,,,,,,,,,,,,,,,,,,,,27403237.0,,4.9,,,,
mcm,7830572216,1677661908806,,2023-03-01 04:11:48.806,1.210613862,,,,,,,,,,,,,,,,,,,,,,,,,,,27403237.0,,4.8,,,,
mcm,7830575634,1677661976431,,2023-03-01 04:12:56.431,1.210613862,,,,,,,,,,,,,,,,,,,,,,,,,,,42064849.0,,2.76,,,,
mcm,7830581614,1677662096500,,2023-03-01 04:14:56.500,1.210613862,,,,,,,,,,,,,,,,,,,,,,,,,,,42124604.0,,2.8,,,,
mcm,7830595889,1677662396193,,2023-03-01 04:19:56.193,1.210613862,,,,,,,,,,,,,,,,,,,,,,,,,,,35856039.0,,13.0,,,,
mcm,7830599817,1677662455758,,2023-03-01 04:20:55.758,1.210613862,,,,,,,,,,,,,,,,,,,,,,,,,,,42124604.0,,2.74,,,,
mcm,7830609771,1677662576309,,2023-03-01 04:22:56.309,1.210613862,,,,,,,,,,,,,,,,,,,,,,,,,,,42064849.0,,2.74,,,,
mcm,7830615071,1677662636287,,2023-03-01 04:23:56.287,1.210613862,,,,,,,,,,,,,,,,,,,,,,,,,,,42124604.0,,2.7,,,,
mcm,7830615071,1677662636287,,2023-03-01 04:23:56.287,1.210613862,,,,,,,,,,,,,,,,,,,,,,,,,,,42064849.0,,2.78,,,,
mcm,7830615071,1677662636287,,2023-03-01 04:23:56.287,1.210613862,,,,,,,,,,,,,,,,,,,,,,,,,,,27403237.0,,4.9,,,,
mcm,7830625072,1677662756438,,2023-03-01 04:25:56.438,1.210613862,,,,,,,,,,,,,,,,,,,,,,,,,,,42124604.0,,2.62,,,,
mcm,7830625072,1677662756438,,2023-03-01 04:25:56.438,1.210613862,,,,,,,,,,,,,,,,,,,,,,,,,,,27403237.0,,5.0,,,,
mcm,7830633877,1677662875143,,2023-03-01 04:27:55.143,1.210613862,,,,,,,,,,,,,,,,,,,,,,,,,,,42124604.0,,2.64,,,,
mcm,7830633877,1677662875143,,2023-03-01 04:27:55.143,1.210613862,,,,,,,,,,,,,,,,,,,,,,,,,,,42064849.0,,2.9,,,,
mcm,7830641060,1677662996277,,2023-03-01 04:29:56.277,1.210613862,,,,,,,,,,,,,,,,,,,,,,,,,,,42064849.0,,2.88,,,,
mcm,7830648932,1677663116438,,2023-03-01 04:31:56.438,1.210613862,,,,,,,,,,,,,,,,,,,,,,,,,,,42064849.0,,2.66,,,,
mcm,7830648932,1677663116438,,2023-03-01 04:31:56.438,1.210613862,,,,,,,,,,,,,,,,,,,,,,,,,,,27403237.0,,5.1,,,,
mcm,7830652541,1677663176073,,2023-03-01 04:32:56.073,1.210613862,,,,,,,,,,,,,,,,,,,,,,,,,,,42124604.0,,2.68,,,,
mcm,7830659812,1677663296338,,2023-03-01 04:34:56.338,1.210613862,0.0,ODDS,True,True,GB,False,True,32144451,7,False,5.0,2023-03-01T14:20:00.000Z,WIN,4.0,1.0,2023-03-01T13:50:00.000Z,True,['MR_INT'],,OPEN,2023-03-01T14:20:00.000Z,Europe/London,True,Musselburgh,5080805483.0,,,,,,,,
mcm,7830663245,1677663356347,,2023-03-01 04:35:56.347,1.210613862,,,,,,,,,,,,,,,,,,,,,,,,,,,42124604.0,,2.66,,,,
mcm,7830663245,1677663356347,,2023-03-01 04:35:56.347,1.210613862,,,,,,,,,,,,,,,,,,,,,,,,,,,27403237.0,,5.2,,,,
mcm,7830666921,1677663416217,,2023-03-01 04:36:56.217,1.210613862,,,,,,,,,,,,,,,,,,,,,,,,,,,35856039.0,,12.0,,,,
mcm,7830670609,1677663476578,,2023-03-01 04:37:56.578,1.210613862,,,,,,,,,,,,,,,,,,,,,,,,,,,42064849.0,,2.68,,,,
mcm,7830673754,1677663536222,,2023-03-01 04:38:56.222,1.210613862,,,,,,,,,,,,,,,,,,,,,,,,,,,42124604.0,,2.68,,,,
mcm,7830676976,1677663596507,,2023-03-01 04:39:56.507,1.210613862,,,,,,,,,,,,,,,,,,,,,,,,,,,42124604.0,,2.7,,,,
mcm,7830676976,1677663596507,,2023-03-01 04:39:56.507,1.210613862,,,,,,,,,,,,,,,,,,,,,,,,,,,42064849.0,,2.64,,,,
mcm,7830680452,1677663652775,,2023-03-01 04:40:52.775,1.210613862,,,,,,,,,,,,,,,,,,,,,,,,,,,42124604.0,,2.76,,,,
mcm,7830680452,1677663652775,,2023-03-01 04:40:52.775,1.210613862,,,,,,,,,,,,,,,,,,,,,,,,,,,42064849.0,,2.62,,,,
mcm,7830680452,1677663652775,,2023-03-01 04:40:52.775,1.210613862,,,,,,,,,,,,,,,,,,,,,,,,,,,27403237.0,,5.1,,,,
mcm,7830691361,1677663836460,,2023-03-01 04:43:56.460,1.210613862,,,,,,,,,,,,,,,,,,,,,,,,,,,42124604.0,,2.72,,,,
mcm,7830697637,1677663956594,,2023-03-01 04:45:56.594,1.210613862,,,,,,,,,,,,,,,,,,,,,,,,,,,42064849.0,,2.66,,,,
mcm,7830697637,1677663956594,,2023-03-01 04:45:56.594,1.210613862,,,,,,,,,,,,,,,,,,,,,,,,,,,35856039.0,,14.0,,,,
mcm,7830697637,1677663956594,,2023-03-01 04:45:56.594,1.210613862,,,,,,,,,,,,,,,,,,,,,,,,,,,27403237.0,,5.3,,,,
mcm,7830703864,1677664076527,,2023-03-01 04:47:56.527,1.210613862,0.0,ODDS,True,True,GB,False,True,32144451,7,False,5.0,2023-03-01T14:20:00.000Z,WIN,4.0,1.0,2023-03-01T13:50:00.000Z,True,['MR_INT'],,OPEN,2023-03-01T14:20:00.000Z,Europe/London,True,Musselburgh,5080813507.0,,42124604.0,,2.76,,,,
mcm,7830703864,1677664076527,,2023-03-01 04:47:56.527,1.210613862,0.0,ODDS,True,True,GB,False,True,32144451,7,False,5.0,2023-03-01T14:20:00.000Z,WIN,4.0,1.0,2023-03-01T13:50:00.000Z,True,['MR_INT'],,OPEN,2023-03-01T14:20:00.000Z,Europe/London,True,Musselburgh,5080813507.0,,42064849.0,,2.64,,,,
mcm,7830703864,1677664076527,,2023-03-01 04:47:56.527,1.210613862,0.0,ODDS,True,True,GB,False,True,32144451,7,False,5.0,2023-03-01T14:20:00.000Z,WIN,4.0,1.0,2023-03-01T13:50:00.000Z,True,['MR_INT'],,OPEN,2023-03-01T14:20:00.000Z,Europe/London,True,Musselburgh,5080813507.0,,35856039.0,,13.0,,,,
mcm,7830706700,1677664135626,,2023-03-01 04:48:55.626,1.210613862,,,,,,,,,,,,,,,,,,,,,,,,,,,42064849.0,,2.68,,,,
mcm,7830706700,1677664135626,,2023-03-01 04:48:55.626,1.210613862,,,,,,,,,,,,,,,,,,,,,,,,,,,27403237.0,,5.2,,,,
mcm,7830712097,1677664256038,,2023-03-01 04:50:56.038,1.210613862,,,,,,,,,,,,,,,,,,,,,,,,,,,42124604.0,,2.84,,,,
mcm,7830712097,1677664256038,,2023-03-01 04:50:56.038,1.210613862,,,,,,,,,,,,,,,,,,,,,,,,,,,42064849.0,,2.7,,,,
mcm,7830714601,1677664315784,,2023-03-01 04:51:55.784,1.210613862,,,,,,,,,,,,,,,,,,,,,,,,,,,42124604.0,,2.78,,,,
mcm,7830717230,1677664374694,,2023-03-01 04:52:54.694,1.210613862,,,,,,,,,,,,,,,,,,,,,,,,,,,42064849.0,,2.64,,,,
mcm,7830720132,1677664435522,,2023-03-01 04:53:55.522,1.210613862,,,,,,,,,,,,,,,,,,,,,,,,,,,35856039.0,,14.0,,,,
mcm,7830750447,1677664796416,,2023-03-01 04:59:56.416,1.210613862,,,,,,,,,,,,,,,,,,,,,,,,,,,42124604.0,,2.76,,,,
mcm,7830756224,1677664854782,,2023-03-01 05:00:54.782,1.210613862,,,,,,,,,,,,,,,,,,,,,,,,,,,42124604.0,,2.82,,,,
mcm,7830762584,1677664916552,,2023-03-01 05:01:56.552,1.210613862,,,,,,,,,,,,,,,,,,,,,,,,,,,42064849.0,,2.68,,,,
mcm,7830762584,1677664916552,,2023-03-01 05:01:56.552,1.210613862,,,,,,,,,,,,,,,,,,,,,,,,,,,27403237.0,,5.1,,,,
mcm,7830780180,1677665096501,,2023-03-01 05:04:56.501,1.210613862,,,,,,,,,,,,,,,,,,,,,,,,,,,42124604.0,,2.76,,,,
mcm,7830790301,1677665215108,,2023-03-01 05:06:55.108,1.210613862,,,,,,,,,,,,,,,,,,,,,,,,,,,27403237.0,,5.0,,,,
mcm,7830794734,1677665275402,,2023-03-01 05:07:55.402,1.210613862,,,,,,,,,,,,,,,,,,,,,,,,,,,42124604.0,,2.74,,,,
mcm,7830798745,1677665334935,,2023-03-01 05:08:54.935,1.210613862,,,,,,,,,,,,,,,,,,,,,,,,,,,42124604.0,,2.72,,,,
mcm,7830798745,1677665334935,,2023-03-01 05:08:54.935,1.210613862,,,,,,,,,,,,,,,,,,,,,,,,,,,27403237.0,,5.1,,,,
mcm,7830802595,1677665396545,,2023-03-01 05:09:56.545,1.210613862,,,,,,,,,,,,,,,,,,,,,,,,,,,42124604.0,,2.8,,,,
mcm,7830802595,1677665396545,,2023-03-01 05:09:56.545,1.210613862,,,,,,,,,,,,,,,,,,,,,,,,,,,42064849.0,,2.7,,,,
mcm,7830802595,1677665396545,,2023-03-01 05:09:56.545,1.210613862,,,,,,,,,,,,,,,,,,,,,,,,,,,35856039.0,,13.5,,,,
mcm,7830802595,1677665396545,,2023-03-01 05:09:56.545,1.210613862,,,,,,,,,,,,,,,,,,,,,,,,,,,27403237.0,,5.0,,,,
mcm,7830806441,1677665456402,,2023-03-01 05:10:56.402,1.210613862,,,,,,,,,,,,,,,,,,,,,,,,,,,42124604.0,,2.76,,,,
mcm,7830814820,1677665575325,,2023-03-01 05:12:55.325,1.210613862,,,,,,,,,,,,,,,,,,,,,,,,,,,42064849.0,,2.68,,,,
mcm,7830814820,1677665575325,,2023-03-01 05:12:55.325,1.210613862,,,,,,,,,,,,,,,,,,,,,,,,,,,27403237.0,,4.9,,,,
mcm,7830819280,1677665636272,,2023-03-01 05:13:56.272,1.210613862,,,,,,,,,,,,,,,,,,,,,,,,,,,42124604.0,,2.74,,,,
mcm,7830819280,1677665636272,,2023-03-01 05:13:56.272,1.210613862,,,,,,,,,,,,,,,,,,,,,,,,,,,42064849.0,,2.7,,,,
mcm,7830823235,1677665696563,,2023-03-01 05:14:56.563,1.210613862,,,,,,,,,,,,,,,,,,,,,,,,,,,42124604.0,,2.88,,,,
mcm,7830823235,1677665696563,,2023-03-01 05:14:56.563,1.210613862,,,,,,,,,,,,,,,,,,,,,,,,,,,42064849.0,,2.64,,,,
mcm,7830823235,1677665696563,,2023-03-01 05:14:56.563,1.210613862,,,,,,,,,,,,,,,,,,,,,,,,,,,35856039.0,,14.0,,,,
mcm,7830827317,1677665756569,,2023-03-01 05:15:56.569,1.210613862,,,,,,,,,,,,,,,,,,,,,,,,,,,42124604.0,,2.76,,,,
mcm,7830830875,1677665815406,,2023-03-01 05:16:55.406,1.210613862,,,,,,,,,,,,,,,,,,,,,,,,,,,42124604.0,,2.78,,,,
mcm,7830830875,1677665815406,,2023-03-01 05:16:55.406,1.210613862,,,,,,,,,,,,,,,,,,,,,,,,,,,35856039.0,,13.5,,,,
mcm,7830830875,1677665815406,,2023-03-01 05:16:55.406,1.210613862,,,,,,,,,,,,,,,,,,,,,,,,,,,27403237.0,,4.7,,,,
mcm,7830834315,1677665875575,,2023-03-01 05:17:55.575,1.210613862,,,,,,,,,,,,,,,,,,,,,,,,,,,42064849.0,,2.68,,,,
mcm,7830834315,1677665875575,,2023-03-01 05:17:55.575,1.210613862,,,,,,,,,,,,,,,,,,,,,,,,,,,35856039.0,,14.5,,,,
mcm,7830837965,1677665936560,,2023-03-01 05:18:56.560,1.210613862,,,,,,,,,,,,,,,,,,,,,,,,,,,42064849.0,,2.66,,,,
mcm,7830841268,1677665995743,,2023-03-01 05:19:55.743,1.210613862,,,,,,,,,,,,,,,,,,,,,,,,,,,42124604.0,,2.8,,,,
mcm,7830841268,1677665995743,,2023-03-01 05:19:55.743,1.210613862,,,,,,,,,,,,,,,,,,,,,,,,,,,35856039.0,,14.0,,,,
mcm,7830845346,1677666055774,,2023-03-01 05:20:55.774,1.210613862,0.0,ODDS,True,True,GB,True,True,32144451,7,False,5.0,2023-03-01T14:20:00.000Z,WIN,4.0,1.0,2023-03-01T13:50:00.000Z,True,['MR_INT'],,OPEN,2023-03-01T14:20:00.000Z,Europe/London,True,Musselburgh,5080830346.0,,42124604.0,,2.82,,,,
mcm,7830845346,1677666055774,,2023-03-01 05:20:55.774,1.210613862,0.0,ODDS,True,True,GB,True,True,32144451,7,False,5.0,2023-03-01T14:20:00.000Z,WIN,4.0,1.0,2023-03-01T13:50:00.000Z,True,['MR_INT'],,OPEN,2023-03-01T14:20:00.000Z,Europe/London,True,Musselburgh,5080830346.0,,27403237.0,,4.6,,,,
mcm,7830849128,1677666116593,,2023-03-01 05:21:56.593,1.210613862,,,,,,,,,,,,,,,,,,,,,,,,,,,42124604.0,,2.86,,,,
mcm,7830852619,1677666175676,,2023-03-01 05:22:55.676,1.210613862,,,,,,,,,,,,,,,,,,,,,,,,,,,42064849.0,,2.64,,,,
mcm,7830852619,1677666175676,,2023-03-01 05:22:55.676,1.210613862,,,,,,,,,,,,,,,,,,,,,,,,,,,27403237.0,,4.8,,,,
mcm,7830855994,1677666236218,,2023-03-01 05:23:56.218,1.210613862,,,,,,,,,,,,,,,,,,,,,,,,,,,42124604.0,,2.84,,,,
mcm,7830855994,1677666236218,,2023-03-01 05:23:56.218,1.210613862,,,,,,,,,,,,,,,,,,,,,,,,,,,42064849.0,,2.68,,,,
mcm,7830855994,1677666236218,,2023-03-01 05:23:56.218,1.210613862,,,,,,,,,,,,,,,,,,,,,,,,,,,35856039.0,,14.5,,,,
mcm,7830862754,1677666355814,,2023-03-01 05:25:55.814,1.210613862,,,,,,,,,,,,,,,,,,,,,,,,,,,42064849.0,,2.7,,,,
mcm,7830862754,1677666355814,,2023-03-01 05:25:55.814,1.210613862,,,,,,,,,,,,,,,,,,,,,,,,,,,35856039.0,,15.0,,,,
mcm,7830866462,1677666416374,,2023-03-01 05:26:56.374,1.210613862,,,,,,,,,,,,,,,,,,,,,,,,,,,42124604.0,,2.8,,,,
mcm,7830869958,1677666476358,,2023-03-01 05:27:56.358,1.210613862,,,,,,,,,,,,,,,,,,,,,,,,,,,42064849.0,,2.68,,,,
mcm,7830873660,1677666535643,,2023-03-01 05:28:55.643,1.210613862,,,,,,,,,,,,,,,,,,,,,,,,,,,42064849.0,,2.7,,,,
mcm,7830877233,1677666596284,,2023-03-01 05:29:56.284,1.210613862,,,,,,,,,,,,,,,,,,,,,,,,,,,42124604.0,,2.82,,,,
mcm,7830877233,1677666596284,,2023-03-01 05:29:56.284,1.210613862,,,,,,,,,,,,,,,,,,,,,,,,,,,42064849.0,,2.72,,,,
mcm,7830877233,1677666596284,,2023-03-01 05:29:56.284,1.210613862,,,,,,,,,,,,,,,,,,,,,,,,,,,27403237.0,,4.7,,,,
mcm,7830881568,1677666656168,,2023-03-01 05:30:56.168,1.210613862,,,,,,,,,,,,,,,,,,,,,,,,,,,42064849.0,,2.7,,,,
mcm,7830881568,1677666656168,,2023-03-01 05:30:56.168,1.210613862,,,,,,,,,,,,,,,,,,,,,,,,,,,27403237.0,,4.6,,,,
mcm,7830885778,1677666716211,,2023-03-01 05:31:56.211,1.210613862,,,,,,,,,,,,,,,,,,,,,,,,,,,42124604.0,,2.78,,,,
mcm,7830885778,1677666716211,,2023-03-01 05:31:56.211,1.210613862,,,,,,,,,,,,,,,,,,,,,,,,,,,42064849.0,,2.72,,,,
mcm,7830885778,1677666716211,,2023-03-01 05:31:56.211,1.210613862,,,,,,,,,,,,,,,,,,,,,,,,,,,35856039.0,,16.0,,,,
mcm,7830885778,1677666716211,,2023-03-01 05:31:56.211,1.210613862,,,,,,,,,,,,,,,,,,,,,,,,,,,27403237.0,,4.8,,,,
mcm,7830889370,1677666776280,,2023-03-01 05:32:56.280,1.210613862,,,,,,,,,,,,,,,,,,,,,,,,,,,42124604.0,,2.8,,,,
mcm,7830889370,1677666776280,,2023-03-01 05:32:56.280,1.210613862,,,,,,,,,,,,,,,,,,,,,,,,,,,42064849.0,,2.68,,,,
mcm,7830893342,1677666836530,,2023-03-01 05:33:56.530,1.210613862,,,,,,,,,,,,,,,,,,,,,,,,,,,42064849.0,,2.66,,,,
mcm,7830893342,1677666836530,,2023-03-01 05:33:56.530,1.210613862,,,,,,,,,,,,,,,,,,,,,,,,,,,35856039.0,,15.0,,,,
mcm,7830897455,1677666896065,,2023-03-01 05:34:56.065,1.210613862,,,,,,,,,,,,,,,,,,,,,,,,,,,42064849.0,,2.68,,,,
mcm,7830901686,1677666956259,,2023-03-01 05:35:56.259,1.210613862,,,,,,,,,,,,,,,,,,,,,,,,,,,42124604.0,,2.82,,,,
mcm,7830901686,1677666956259,,2023-03-01 05:35:56.259,1.210613862,,,,,,,,,,,,,,,,,,,,,,,,,,,35856039.0,,14.0,,,,
mcm,7830901686,1677666956259,,2023-03-01 05:35:56.259,1.210613862,,,,,,,,,,,,,,,,,,,,,,,,,,,27403237.0,,5.0,,,,
mcm,7830906372,1677667015832,,2023-03-01 05:36:55.832,1.210613862,,,,,,,,,,,,,,,,,,,,,,,,,,,42124604.0,,2.8,,,,
mcm,7830906372,1677667015832,,2023-03-01 05:36:55.832,1.210613862,,,,,,,,,,,,,,,,,,,,,,,,,,,27403237.0,,4.7,,,,
mcm,7830911143,1677667076381,,2023-03-01 05:37:56.381,1.210613862,,,,,,,,,,,,,,,,,,,,,,,,,,,42064849.0,,2.72,,,,
mcm,7830916501,1677667136580,,2023-03-01 05:38:56.580,1.210613862,,,,,,,,,,,,,,,,,,,,,,,,,,,42124604.0,,2.78,,,,
mcm,7830927827,1677667256114,,2023-03-01 05:40:56.114,1.210613862,,,,,,,,,,,,,,,,,,,,,,,,,,,42064849.0,,2.7,,,,
mcm,7830932863,1677667316589,,2023-03-01 05:41:56.589,1.210613862,,,,,,,,,,,,,,,,,,,,,,,,,,,42064849.0,,2.72,,,,
mcm,7830932863,1677667316589,,2023-03-01 05:41:56.589,1.210613862,,,,,,,,,,,,,,,,,,,,,,,,,,,27403237.0,,4.9,,,,
mcm,7830938417,1677667376584,,2023-03-01 05:42:56.584,1.210613862,,,,,,,,,,,,,,,,,,,,,,,,,,,42124604.0,,2.76,,,,
mcm,7830938417,1677667376584,,2023-03-01 05:42:56.584,1.210613862,,,,,,,,,,,,,,,,,,,,,,,,,,,42064849.0,,2.76,,,,
mcm,7830938417,1677667376584,,2023-03-01 05:42:56.584,1.210613862,,,,,,,,,,,,,,,,,,,,,,,,,,,27403237.0,,5.0,,,,
mcm,7830943186,1677667436237,,2023-03-01 05:43:56.237,1.210613862,,,,,,,,,,,,,,,,,,,,,,,,,,,27403237.0,,4.9,,,,
mcm,7830947680,1677667496514,,2023-03-01 05:44:56.514,1.210613862,,,,,,,,,,,,,,,,,,,,,,,,,,,42124604.0,,2.74,,,,
mcm,7830947680,1677667496514,,2023-03-01 05:44:56.514,1.210613862,,,,,,,,,,,,,,,,,,,,,,,,,,,27403237.0,,4.8,,,,
mcm,7830952250,1677667556196,,2023-03-01 05:45:56.196,1.210613862,,,,,,,,,,,,,,,,,,,,,,,,,,,42124604.0,,2.76,,,,
mcm,7830952250,1677667556196,,2023-03-01 05:45:56.196,1.210613862,,,,,,,,,,,,,,,,,,,,,,,,,,,27403237.0,,4.7,,,,
mcm,7830961032,1677667676328,,2023-03-01 05:47:56.328,1.210613862,,,,,,,,,,,,,,,,,,,,,,,,,,,35856039.0,,13.5,,,,
mcm,7830965219,1677667736300,,2023-03-01 05:48:56.300,1.210613862,,,,,,,,,,,,,,,,,,,,,,,,,,,42124604.0,,2.74,,,,
mcm,7830969837,1677667796064,,2023-03-01 05:49:56.064,1.210613862,,,,,,,,,,,,,,,,,,,,,,,,,,,42124604.0,,2.78,,,,
mcm,7830969837,1677667796064,,2023-03-01 05:49:56.064,1.210613862,,,,,,,,,,,,,,,,,,,,,,,,,,,42064849.0,,2.78,,,,
mcm,7830969837,1677667796064,,2023-03-01 05:49:56.064,1.210613862,,,,,,,,,,,,,,,,,,,,,,,,,,,27403237.0,,4.8,,,,
mcm,7830984200,1677667974590,,2023-03-01 05:52:54.590,1.210613862,,,,,,,,,,,,,,,,,,,,,,,,,,,42124604.0,,2.76,,,,
mcm,7830988876,1677668036463,,2023-03-01 05:53:56.463,1.210613862,,,,,,,,,,,,,,,,,,,,,,,,,,,42124604.0,,2.8,,,,
mcm,7830988876,1677668036463,,2023-03-01 05:53:56.463,1.210613862,,,,,,,,,,,,,,,,,,,,,,,,,,,27403237.0,,4.9,,,,
mcm,7830992696,1677668096571,,2023-03-01 05:54:56.571,1.210613862,,,,,,,,,,,,,,,,,,,,,,,,,,,35856039.0,,13.0,,,,
mcm,7830996158,1677668156084,,2023-03-01 05:55:56.084,1.210613862,,,,,,,,,,,,,,,,,,,,,,,,,,,42064849.0,,2.76,,,,
mcm,7830999842,1677668216501,,2023-03-01 05:56:56.501,1.210613862,,,,,,,,,,,,,,,,,,,,,,,,,,,42064849.0,,2.74,,,,
mcm,7831003455,1677668275447,,2023-03-01 05:57:55.447,1.210613862,,,,,,,,,,,,,,,,,,,,,,,,,,,27403237.0,,4.7,,,,
mcm,7831010735,1677668396509,,2023-03-01 05:59:56.509,1.210613862,,,,,,,,,,,,,,,,,,,,,,,,,,,42124604.0,,2.84,,,,
mcm,7831020188,1677668516452,,2023-03-01 06:01:56.452,1.210613862,,,,,,,,,,,,,,,,,,,,,,,,,,,42124604.0,,2.9,,,,
mcm,7831020188,1677668516452,,2023-03-01 06:01:56.452,1.210613862,,,,,,,,,,,,,,,,,,,,,,,,,,,42064849.0,,2.7,,,,
mcm,7831020188,1677668516452,,2023-03-01 06:01:56.452,1.210613862,,,,,,,,,,,,,,,,,,,,,,,,,,,35856039.0,,12.0,,,,
mcm,7831020188,1677668516452,,2023-03-01 06:01:56.452,1.210613862,,,,,,,,,,,,,,,,,,,,,,,,,,,27403237.0,,4.8,,,,
mcm,7831039732,1677668756502,,2023-03-01 06:05:56.502,1.210613862,,,,,,,,,,,,,,,,,,,,,,,,,,,42124604.0,,2.88,,,,
mcm,7831039732,1677668756502,,2023-03-01 06:05:56.502,1.210613862,,,,,,,,,,,,,,,,,,,,,,,,,,,42064849.0,,2.68,,,,
mcm,7831044659,1677668815195,,2023-03-01 06:06:55.195,1.210613862,,,,,,,,,,,,,,,,,,,,,,,,,,,42124604.0,,2.98,,,,
mcm,7831049785,1677668876493,,2023-03-01 06:07:56.493,1.210613862,,,,,,,,,,,,,,,,,,,,,,,,,,,42124604.0,,3.0,,,,
mcm,7831055078,1677668936164,,2023-03-01 06:08:56.164,1.210613862,,,,,,,,,,,,,,,,,,,,,,,,,,,42124604.0,,2.98,,,,
mcm,7831055078,1677668936164,,2023-03-01 06:08:56.164,1.210613862,,,,,,,,,,,,,,,,,,,,,,,,,,,35856039.0,,11.5,,,,
mcm,7831059836,1677668995938,,2023-03-01 06:09:55.938,1.210613862,,,,,,,,,,,,,,,,,,,,,,,,,,,42124604.0,,3.05,,,,
mcm,7831059836,1677668995938,,2023-03-01 06:09:55.938,1.210613862,,,,,,,,,,,,,,,,,,,,,,,,,,,42064849.0,,2.72,,,,
mcm,7831070260,1677669115378,,2023-03-01 06:11:55.378,1.210613862,,,,,,,,,,,,,,,,,,,,,,,,,,,42124604.0,,3.0,,,,
mcm,7831070260,1677669115378,,2023-03-01 06:11:55.378,1.210613862,,,,,,,,,,,,,,,,,,,,,,,,,,,27403237.0,,4.7,,,,
mcm,7831080296,1677669236310,,2023-03-01 06:13:56.310,1.210613862,,,,,,,,,,,,,,,,,,,,,,,,,,,42124604.0,,3.05,,,,
mcm,7831080296,1677669236310,,2023-03-01 06:13:56.310,1.210613862,,,,,,,,,,,,,,,,,,,,,,,,,,,27403237.0,,4.6,,,,
mcm,7831084963,1677669296431,,2023-03-01 06:14:56.431,1.210613862,,,,,,,,,,,,,,,,,,,,,,,,,,,42064849.0,,2.7,,,,
mcm,7831084963,1677669296431,,2023-03-01 06:14:56.431,1.210613862,,,,,,,,,,,,,,,,,,,,,,,,,,,35856039.0,,12.0,,,,
mcm,7831090218,1677669355309,,2023-03-01 06:15:55.309,1.210613862,,,,,,,,,,,,,,,,,,,,,,,,,,,42124604.0,,3.0,,,,
mcm,7831095643,1677669414297,,2023-03-01 06:16:54.297,1.210613862,,,,,,,,,,,,,,,,,,,,,,,,,,,27403237.0,,4.7,,,,
mcm,7831107650,1677669536316,,2023-03-01 06:18:56.316,1.210613862,,,,,,,,,,,,,,,,,,,,,,,,,,,27403237.0,,4.6,,,,
mcm,7831119915,1677669656095,,2023-03-01 06:20:56.095,1.210613862,,,,,,,,,,,,,,,,,,,,,,,,,,,42064849.0,,2.72,,,,
mcm,7831126015,1677669716146,,2023-03-01 06:21:56.146,1.210613862,,,,,,,,,,,,,,,,,,,,,,,,,,,42124604.0,,2.92,,,,
mcm,7831126015,1677669716146,,2023-03-01 06:21:56.146,1.210613862,,,,,,,,,,,,,,,,,,,,,,,,,,,42064849.0,,2.74,,,,
mcm,7831126015,1677669716146,,2023-03-01 06:21:56.146,1.210613862,,,,,,,,,,,,,,,,,,,,,,,,,,,35856039.0,,12.5,,,,
mcm,7831126015,1677669716146,,2023-03-01 06:21:56.146,1.210613862,,,,,,,,,,,,,,,,,,,,,,,,,,,27403237.0,,4.8,,,,
mcm,7831132128,1677669776167,,2023-03-01 06:22:56.167,1.210613862,,,,,,,,,,,,,,,,,,,,,,,,,,,42124604.0,,2.94,,,,
mcm,7831132128,1677669776167,,2023-03-01 06:22:56.167,1.210613862,,,,,,,,,,,,,,,,,,,,,,,,,,,27403237.0,,4.6,,,,
mcm,7831137917,1677669836327,,2023-03-01 06:23:56.327,1.210613862,,,,,,,,,,,,,,,,,,,,,,,,,,,42064849.0,,2.72,,,,
mcm,7831142958,1677669896555,,2023-03-01 06:24:56.555,1.210613862,,,,,,,,,,,,,,,,,,,,,,,,,,,42124604.0,,2.84,,,,
mcm,7831147345,1677669956454,,2023-03-01 06:25:56.454,1.210613862,,,,,,,,,,,,,,,,,,,,,,,,,,,42064849.0,,2.74,,,,
mcm,7831147345,1677669956454,,2023-03-01 06:25:56.454,1.210613862,,,,,,,,,,,,,,,,,,,,,,,,,,,35856039.0,,12.0,,,,
mcm,7831151957,1677670016154,,2023-03-01 06:26:56.154,1.210613862,,,,,,,,,,,,,,,,,,,,,,,,,,,42124604.0,,2.96,,,,
mcm,7831151957,1677670016154,,2023-03-01 06:26:56.154,1.210613862,,,,,,,,,,,,,,,,,,,,,,,,,,,42064849.0,,2.72,,,,
mcm,7831156984,1677670075983,,2023-03-01 06:27:55.983,1.210613862,,,,,,,,,,,,,,,,,,,,,,,,,,,42124604.0,,2.88,,,,
mcm,7831169713,1677670135760,,2023-03-01 06:28:55.760,1.210613862,,,,,,,,,,,,,,,,,,,,,,,,,,,42124604.0,,2.94,,,,
mcm,7831169713,1677670135760,,2023-03-01 06:28:55.760,1.210613862,,,,,,,,,,,,,,,,,,,,,,,,,,,42064849.0,,2.74,,,,
mcm,7831169713,1677670135760,,2023-03-01 06:28:55.760,1.210613862,,,,,,,,,,,,,,,,,,,,,,,,,,,35856039.0,,12.5,,,,
mcm,7831192885,1677670376336,,2023-03-01 06:32:56.336,1.210613862,,,,,,,,,,,,,,,,,,,,,,,,,,,35856039.0,,11.5,,,,
mcm,7831202295,1677670496552,,2023-03-01 06:34:56.552,1.210613862,,,,,,,,,,,,,,,,,,,,,,,,,,,35856039.0,,12.5,,,,
mcm,7831207000,1677670556563,,2023-03-01 06:35:56.563,1.210613862,,,,,,,,,,,,,,,,,,,,,,,,,,,35856039.0,,11.5,,,,
mcm,7831211666,1677670616428,,2023-03-01 06:36:56.428,1.210613862,,,,,,,,,,,,,,,,,,,,,,,,,,,42124604.0,,2.96,,,,
mcm,7831225307,1677670795956,,2023-03-01 06:39:55.956,1.210613862,,,,,,,,,,,,,,,,,,,,,,,,,,,27403237.0,,4.7,,,,
mcm,7831233568,1677670914377,,2023-03-01 06:41:54.377,1.210613862,,,,,,,,,,,,,,,,,,,,,,,,,,,42124604.0,,2.94,,,,
mcm,7831233568,1677670914377,,2023-03-01 06:41:54.377,1.210613862,,,,,,,,,,,,,,,,,,,,,,,,,,,42064849.0,,2.72,,,,
mcm,7831243925,1677671096013,,2023-03-01 06:44:56.013,1.210613862,,,,,,,,,,,,,,,,,,,,,,,,,,,27403237.0,,4.6,,,,
mcm,7831247336,1677671155693,,2023-03-01 06:45:55.693,1.210613862,,,,,,,,,,,,,,,,,,,,,,,,,,,42124604.0,,2.92,,,,
mcm,7831247336,1677671155693,,2023-03-01 06:45:55.693,1.210613862,,,,,,,,,,,,,,,,,,,,,,,,,,,42064849.0,,2.74,,,,
mcm,7831247336,1677671155693,,2023-03-01 06:45:55.693,1.210613862,,,,,,,,,,,,,,,,,,,,,,,,,,,35856039.0,,12.5,,,,
mcm,7831247336,1677671155693,,2023-03-01 06:45:55.693,1.210613862,,,,,,,,,,,,,,,,,,,,,,,,,,,27403237.0,,4.7,,,,
mcm,7831261569,1677671336422,,2023-03-01 06:48:56.422,1.210613862,,,,,,,,,,,,,,,,,,,,,,,,,,,42064849.0,,2.76,,,,
mcm,7831266863,1677671396520,,2023-03-01 06:49:56.520,1.210613862,,,,,,,,,,,,,,,,,,,,,,,,,,,35856039.0,,11.5,,,,
mcm,7831271626,1677671455874,,2023-03-01 06:50:55.874,1.210613862,,,,,,,,,,,,,,,,,,,,,,,,,,,42124604.0,,2.94,,,,
mcm,7831276027,1677671515828,,2023-03-01 06:51:55.828,1.210613862,,,,,,,,,,,,,,,,,,,,,,,,,,,42064849.0,,2.74,,,,
mcm,7831280206,1677671576128,,2023-03-01 06:52:56.128,1.210613862,,,,,,,,,,,,,,,,,,,,,,,,,,,42124604.0,,2.98,,,,
mcm,7831284554,1677671636497,,2023-03-01 06:53:56.497,1.210613862,,,,,,,,,,,,,,,,,,,,,,,,,,,27403237.0,,4.8,,,,
mcm,7831293599,1677671754418,,2023-03-01 06:55:54.418,1.210613862,,,,,,,,,,,,,,,,,,,,,,,,,,,42124604.0,,2.94,,,,
mcm,7831293599,1677671754418,,2023-03-01 06:55:54.418,1.210613862,,,,,,,,,,,,,,,,,,,,,,,,,,,42064849.0,,2.78,,,,
mcm,7831297853,1677671815148,,2023-03-01 06:56:55.148,1.210613862,,,,,,,,,,,,,,,,,,,,,,,,,,,42124604.0,,2.9,,,,
mcm,7831297853,1677671815148,,2023-03-01 06:56:55.148,1.210613862,,,,,,,,,,,,,,,,,,,,,,,,,,,42064849.0,,2.8,,,,
mcm,7831297853,1677671815148,,2023-03-01 06:56:55.148,1.210613862,,,,,,,,,,,,,,,,,,,,,,,,,,,27403237.0,,4.7,,,,
mcm,7831306265,1677671936426,,2023-03-01 06:58:56.426,1.210613862,,,,,,,,,,,,,,,,,,,,,,,,,,,42124604.0,,2.86,,,,
mcm,7831310161,1677671994466,,2023-03-01 06:59:54.466,1.210613862,,,,,,,,,,,,,,,,,,,,,,,,,,,42064849.0,,2.82,,,,
mcm,7831315076,1677672056439,,2023-03-01 07:00:56.439,1.210613862,,,,,,,,,,,,,,,,,,,,,,,,,,,42124604.0,,2.88,,,,
mcm,7831315076,1677672056439,,2023-03-01 07:00:56.439,1.210613862,,,,,,,,,,,,,,,,,,,,,,,,,,,42064849.0,,2.84,,,,
mcm,7831319158,1677672114370,,2023-03-01 07:01:54.370,1.210613862,,,,,,,,,,,,,,,,,,,,,,,,,,,42124604.0,,2.86,,,,
mcm,7831323747,1677672176573,,2023-03-01 07:02:56.573,1.210613862,,,,,,,,,,,,,,,,,,,,,,,,,,,42124604.0,,2.82,,,,
mcm,7831337440,1677672356244,,2023-03-01 07:05:56.244,1.210613862,,,,,,,,,,,,,,,,,,,,,,,,,,,42124604.0,,2.86,,,,
mcm,7831341987,1677672412814,,2023-03-01 07:06:52.814,1.210613862,,,,,,,,,,,,,,,,,,,,,,,,,,,42124604.0,,2.82,,,,
mcm,7831341987,1677672412814,,2023-03-01 07:06:52.814,1.210613862,,,,,,,,,,,,,,,,,,,,,,,,,,,42064849.0,,2.82,,,,
mcm,7831341987,1677672412814,,2023-03-01 07:06:52.814,1.210613862,,,,,,,,,,,,,,,,,,,,,,,,,,,35856039.0,,12.0,,,,
mcm,7831346812,1677672473563,,2023-03-01 07:07:53.563,1.210613862,,,,,,,,,,,,,,,,,,,,,,,,,,,42124604.0,,2.9,,,,
mcm,7831356556,1677672596449,,2023-03-01 07:09:56.449,1.210613862,,,,,,,,,,,,,,,,,,,,,,,,,,,42064849.0,,2.84,,,,
mcm,7831366949,1677672716440,,2023-03-01 07:11:56.440,1.210613862,,,,,,,,,,,,,,,,,,,,,,,,,,,27403237.0,,4.6,,,,
mcm,7831372187,1677672776132,,2023-03-01 07:12:56.132,1.210613862,,,,,,,,,,,,,,,,,,,,,,,,,,,42124604.0,,2.88,,,,
mcm,7831372187,1677672776132,,2023-03-01 07:12:56.132,1.210613862,,,,,,,,,,,,,,,,,,,,,,,,,,,42064849.0,,2.8,,,,
mcm,7831376724,1677672836119,,2023-03-01 07:13:56.119,1.210613862,,,,,,,,,,,,,,,,,,,,,,,,,,,42124604.0,,2.8,,,,
mcm,7831376724,1677672836119,,2023-03-01 07:13:56.119,1.210613862,,,,,,,,,,,,,,,,,,,,,,,,,,,42064849.0,,2.82,,,,
mcm,7831376724,1677672836119,,2023-03-01 07:13:56.119,1.210613862,,,,,,,,,,,,,,,,,,,,,,,,,,,35856039.0,,12.5,,,,
mcm,7831376724,1677672836119,,2023-03-01 07:13:56.119,1.210613862,,,,,,,,,,,,,,,,,,,,,,,,,,,27403237.0,,4.7,,,,
mcm,7831385298,1677672956507,,2023-03-01 07:15:56.507,1.210613862,,,,,,,,,,,,,,,,,,,,,,,,,,,42124604.0,,2.82,,,,
mcm,7831389708,1677673016160,,2023-03-01 07:16:56.160,1.210613862,,,,,,,,,,,,,,,,,,,,,,,,,,,42124604.0,,2.84,,,,
mcm,7831398256,1677673136151,,2023-03-01 07:18:56.151,1.210613862,,,,,,,,,,,,,,,,,,,,,,,,,,,42124604.0,,2.82,,,,
mcm,7831402745,1677673195943,,2023-03-01 07:19:55.943,1.210613862,,,,,,,,,,,,,,,,,,,,,,,,,,,42124604.0,,2.84,,,,
mcm,7831410917,1677673316498,,2023-03-01 07:21:56.498,1.210613862,,,,,,,,,,,,,,,,,,,,,,,,,,,42124604.0,,2.82,,,,
mcm,7831410917,1677673316498,,2023-03-01 07:21:56.498,1.210613862,,,,,,,,,,,,,,,,,,,,,,,,,,,35856039.0,,12.0,,,,
mcm,7831419527,1677673436493,,2023-03-01 07:23:56.493,1.210613862,,,,,,,,,,,,,,,,,,,,,,,,,,,42064849.0,,2.84,,,,
mcm,7831441253,1677673615429,,2023-03-01 07:26:55.429,1.210613862,,,,,,,,,,,,,,,,,,,,,,,,,,,42064849.0,,2.78,,,,
mcm,7831449873,1677673676527,,2023-03-01 07:27:56.527,1.210613862,,,,,,,,,,,,,,,,,,,,,,,,,,,42064849.0,,2.8,,,,
mcm,7831456680,1677673736409,,2023-03-01 07:28:56.409,1.210613862,,,,,,,,,,,,,,,,,,,,,,,,,,,42124604.0,,2.86,,,,
mcm,7831463117,1677673796321,,2023-03-01 07:29:56.321,1.210613862,,,,,,,,,,,,,,,,,,,,,,,,,,,42124604.0,,2.84,,,,
mcm,7831463117,1677673796321,,2023-03-01 07:29:56.321,1.210613862,,,,,,,,,,,,,,,,,,,,,,,,,,,27403237.0,,4.8,,,,
mcm,7831476066,1677673916575,,2023-03-01 07:31:56.575,1.210613862,,,,,,,,,,,,,,,,,,,,,,,,,,,42064849.0,,2.82,,,,
mcm,7831476066,1677673916575,,2023-03-01 07:31:56.575,1.210613862,,,,,,,,,,,,,,,,,,,,,,,,,,,27403237.0,,4.6,,,,
mcm,7831482408,1677673976440,,2023-03-01 07:32:56.440,1.210613862,,,,,,,,,,,,,,,,,,,,,,,,,,,42124604.0,,2.82,,,,
mcm,7831501166,1677674156141,,2023-03-01 07:35:56.141,1.210613862,,,,,,,,,,,,,,,,,,,,,,,,,,,42124604.0,,2.86,,,,
mcm,7831506747,1677674216418,,2023-03-01 07:36:56.418,1.210613862,,,,,,,,,,,,,,,,,,,,,,,,,,,42124604.0,,2.82,,,,
mcm,7831506747,1677674216418,,2023-03-01 07:36:56.418,1.210613862,,,,,,,,,,,,,,,,,,,,,,,,,,,27403237.0,,4.7,,,,
mcm,7831512262,1677674276311,,2023-03-01 07:37:56.311,1.210613862,,,,,,,,,,,,,,,,,,,,,,,,,,,42124604.0,,2.8,,,,
mcm,7831512262,1677674276311,,2023-03-01 07:37:56.311,1.210613862,,,,,,,,,,,,,,,,,,,,,,,,,,,27403237.0,,4.6,,,,
mcm,7831523467,1677674396316,,2023-03-01 07:39:56.316,1.210613862,,,,,,,,,,,,,,,,,,,,,,,,,,,42124604.0,,2.84,,,,
mcm,7831528965,1677674456459,,2023-03-01 07:40:56.459,1.210613862,0.0,ODDS,True,True,GB,True,True,32144451,7,False,5.0,2023-03-01T14:20:00.000Z,WIN,4.0,1.0,2023-03-01T13:50:00.000Z,True,['MR_INT'],,OPEN,2023-03-01T14:20:00.000Z,Europe/London,True,Musselburgh,5080917772.0,,42124604.0,,2.8,,,,
mcm,7831528965,1677674456459,,2023-03-01 07:40:56.459,1.210613862,0.0,ODDS,True,True,GB,True,True,32144451,7,False,5.0,2023-03-01T14:20:00.000Z,WIN,4.0,1.0,2023-03-01T13:50:00.000Z,True,['MR_INT'],,OPEN,2023-03-01T14:20:00.000Z,Europe/London,True,Musselburgh,5080917772.0,,42064849.0,,2.84,,,,
mcm,7831534795,1677674516540,,2023-03-01 07:41:56.540,1.210613862,,,,,,,,,,,,,,,,,,,,,,,,,,,42064849.0,,2.82,,,,
mcm,7831540291,1677674576524,,2023-03-01 07:42:56.524,1.210613862,,,,,,,,,,,,,,,,,,,,,,,,,,,42124604.0,,2.82,,,,
mcm,7831545532,1677674636586,,2023-03-01 07:43:56.586,1.210613862,,,,,,,,,,,,,,,,,,,,,,,,,,,42124604.0,,2.84,,,,
mcm,7831555707,1677674755924,,2023-03-01 07:45:55.924,1.210613862,,,,,,,,,,,,,,,,,,,,,,,,,,,42064849.0,,2.84,,,,
mcm,7831555707,1677674755924,,2023-03-01 07:45:55.924,1.210613862,,,,,,,,,,,,,,,,,,,,,,,,,,,35856039.0,,12.5,,,,
mcm,7831555707,1677674755924,,2023-03-01 07:45:55.924,1.210613862,,,,,,,,,,,,,,,,,,,,,,,,,,,27403237.0,,4.5,,,,
mcm,7831560956,1677674815550,,2023-03-01 07:46:55.550,1.210613862,0.0,ODDS,True,True,GB,True,True,32144451,7,False,5.0,2023-03-01T14:20:00.000Z,WIN,4.0,1.0,2023-03-01T13:50:00.000Z,True,['MR_INT'],,OPEN,2023-03-01T14:20:00.000Z,Europe/London,True,Musselburgh,5080923645.0,,42124604.0,,2.82,,,,
mcm,7831570635,1677674935699,,2023-03-01 07:48:55.699,1.210613862,,,,,,,,,,,,,,,,,,,,,,,,,,,42064849.0,,2.82,,,,
mcm,7831570635,1677674935699,,2023-03-01 07:48:55.699,1.210613862,,,,,,,,,,,,,,,,,,,,,,,,,,,35856039.0,,13.0,,,,
mcm,7831570635,1677674935699,,2023-03-01 07:48:55.699,1.210613862,,,,,,,,,,,,,,,,,,,,,,,,,,,27403237.0,,4.6,,,,
mcm,7831575852,1677674996343,,2023-03-01 07:49:56.343,1.210613862,,,,,,,,,,,,,,,,,,,,,,,,,,,42124604.0,,2.84,,,,
mcm,7831575852,1677674996343,,2023-03-01 07:49:56.343,1.210613862,,,,,,,,,,,,,,,,,,,,,,,,,,,42064849.0,,2.86,,,,
mcm,7831575852,1677674996343,,2023-03-01 07:49:56.343,1.210613862,,,,,,,,,,,,,,,,,,,,,,,,,,,35856039.0,,12.5,,,,
mcm,7831575852,1677674996343,,2023-03-01 07:49:56.343,1.210613862,,,,,,,,,,,,,,,,,,,,,,,,,,,27403237.0,,4.5,,,,
mcm,7831581186,1677675055805,,2023-03-01 07:50:55.805,1.210613862,,,,,,,,,,,,,,,,,,,,,,,,,,,42124604.0,,2.82,,,,
mcm,7831591746,1677675176467,,2023-03-01 07:52:56.467,1.210613862,,,,,,,,,,,,,,,,,,,,,,,,,,,42124604.0,,2.84,,,,
mcm,7831597119,1677675236585,,2023-03-01 07:53:56.585,1.210613862,,,,,,,,,,,,,,,,,,,,,,,,,,,42124604.0,,2.8,,,,
mcm,7831597119,1677675236585,,2023-03-01 07:53:56.585,1.210613862,,,,,,,,,,,,,,,,,,,,,,,,,,,35856039.0,,13.0,,,,
mcm,7831597119,1677675236585,,2023-03-01 07:53:56.585,1.210613862,,,,,,,,,,,,,,,,,,,,,,,,,,,27403237.0,,4.6,,,,
mcm,7831602230,1677675296446,,2023-03-01 07:54:56.446,1.210613862,,,,,,,,,,,,,,,,,,,,,,,,,,,42124604.0,,2.82,,,,
mcm,7831602230,1677675296446,,2023-03-01 07:54:56.446,1.210613862,,,,,,,,,,,,,,,,,,,,,,,,,,,42064849.0,,2.88,,,,
mcm,7831602230,1677675296446,,2023-03-01 07:54:56.446,1.210613862,,,,,,,,,,,,,,,,,,,,,,,,,,,27403237.0,,4.5,,,,
mcm,7831607121,1677675356521,,2023-03-01 07:55:56.521,1.210613862,0.0,ODDS,True,True,GB,True,True,32144451,7,False,5.0,2023-03-01T14:20:00.000Z,WIN,4.0,1.0,2023-03-01T13:50:00.000Z,True,['MR_INT'],,OPEN,2023-03-01T14:20:00.000Z,Europe/London,True,Musselburgh,5080931600.0,,42064849.0,,2.9,,,,
mcm,7831616894,1677675476546,,2023-03-01 07:57:56.546,1.210613862,,,,,,,,,,,,,,,,,,,,,,,,,,,42064849.0,,2.94,,,,
mcm,7831616894,1677675476546,,2023-03-01 07:57:56.546,1.210613862,,,,,,,,,,,,,,,,,,,,,,,,,,,27403237.0,,4.4,,,,
mcm,7831629122,1677675536401,,2023-03-01 07:58:56.401,1.210613862,,,,,,,,,,,,,,,,,,,,,,,,,,,42064849.0,,2.9,,,,
mcm,7831633547,1677675596413,,2023-03-01 07:59:56.413,1.210613862,,,,,,,,,,,,,,,,,,,,,,,,,,,42124604.0,,2.8,,,,
mcm,7831633547,1677675596413,,2023-03-01 07:59:56.413,1.210613862,,,,,,,,,,,,,,,,,,,,,,,,,,,27403237.0,,4.6,,,,
mcm,7831639049,1677675656564,,2023-03-01 08:00:56.564,1.210613862,,,,,,,,,,,,,,,,,,,,,,,,,,,42064849.0,,2.94,,,,
mcm,7831639049,1677675656564,,2023-03-01 08:00:56.564,1.210613862,,,,,,,,,,,,,,,,,,,,,,,,,,,27403237.0,,4.5,,,,
mcm,7831644936,1677675716591,,2023-03-01 08:01:56.591,1.210613862,,,,,,,,,,,,,,,,,,,,,,,,,,,42124604.0,,2.82,,,,
mcm,7831644936,1677675716591,,2023-03-01 08:01:56.591,1.210613862,,,,,,,,,,,,,,,,,,,,,,,,,,,35856039.0,,12.5,,,,
mcm,7831650933,1677675776525,,2023-03-01 08:02:56.525,1.210613862,,,,,,,,,,,,,,,,,,,,,,,,,,,42124604.0,,2.8,,,,
mcm,7831650933,1677675776525,,2023-03-01 08:02:56.525,1.210613862,,,,,,,,,,,,,,,,,,,,,,,,,,,42064849.0,,2.9,,,,
mcm,7831658063,1677675836440,,2023-03-01 08:03:56.440,1.210613862,,,,,,,,,,,,,,,,,,,,,,,,,,,42124604.0,,2.76,,,,
mcm,7831674052,1677675956524,,2023-03-01 08:05:56.524,1.210613862,,,,,,,,,,,,,,,,,,,,,,,,,,,42124604.0,,2.78,,,,
mcm,7831674052,1677675956524,,2023-03-01 08:05:56.524,1.210613862,,,,,,,,,,,,,,,,,,,,,,,,,,,42064849.0,,2.94,,,,
mcm,7831674052,1677675956524,,2023-03-01 08:05:56.524,1.210613862,,,,,,,,,,,,,,,,,,,,,,,,,,,35856039.0,,13.0,,,,
mcm,7831682408,1677676016480,,2023-03-01 08:06:56.480,1.210613862,,,,,,,,,,,,,,,,,,,,,,,,,,,42124604.0,,2.74,,,,
mcm,7831697808,1677676136552,,2023-03-01 08:08:56.552,1.210613862,,,,,,,,,,,,,,,,,,,,,,,,,,,42124604.0,,2.76,,,,
mcm,7831705037,1677676196493,,2023-03-01 08:09:56.493,1.210613862,,,,,,,,,,,,,,,,,,,,,,,,,,,42124604.0,,2.7,,,,
mcm,7831712124,1677676256555,,2023-03-01 08:10:56.555,1.210613862,,,,,,,,,,,,,,,,,,,,,,,,,,,42064849.0,,3.0,,,,
mcm,7831718718,1677676316438,,2023-03-01 08:11:56.438,1.210613862,,,,,,,,,,,,,,,,,,,,,,,,,,,42064849.0,,2.96,,,,
mcm,7831725181,1677676376337,,2023-03-01 08:12:56.337,1.210613862,,,,,,,,,,,,,,,,,,,,,,,,,,,35856039.0,,12.5,,,,
mcm,7831725181,1677676376337,,2023-03-01 08:12:56.337,1.210613862,,,,,,,,,,,,,,,,,,,,,,,,,,,27403237.0,,4.6,,,,
mcm,7831736412,1677676496393,,2023-03-01 08:14:56.393,1.210613862,,,,,,,,,,,,,,,,,,,,,,,,,,,42064849.0,,2.94,,,,
mcm,7831742158,1677676556555,,2023-03-01 08:15:56.555,1.210613862,,,,,,,,,,,,,,,,,,,,,,,,,,,42124604.0,,2.66,,,,
mcm,7831747819,1677676616355,,2023-03-01 08:16:56.355,1.210613862,,,,,,,,,,,,,,,,,,,,,,,,,,,42124604.0,,2.62,,,,
mcm,7831747819,1677676616355,,2023-03-01 08:16:56.355,1.210613862,,,,,,,,,,,,,,,,,,,,,,,,,,,42064849.0,,2.98,,,,
mcm,7831747819,1677676616355,,2023-03-01 08:16:56.355,1.210613862,,,,,,,,,,,,,,,,,,,,,,,,,,,35856039.0,,13.5,,,,
mcm,7831747819,1677676616355,,2023-03-01 08:16:56.355,1.210613862,,,,,,,,,,,,,,,,,,,,,,,,,,,27403237.0,,4.7,,,,
mcm,7831753872,1677676676502,,2023-03-01 08:17:56.502,1.210613862,,,,,,,,,,,,,,,,,,,,,,,,,,,42064849.0,,2.9,,,,
mcm,7831760056,1677676736515,,2023-03-01 08:18:56.515,1.210613862,,,,,,,,,,,,,,,,,,,,,,,,,,,42124604.0,,2.7,,,,
mcm,7831760056,1677676736515,,2023-03-01 08:18:56.515,1.210613862,,,,,,,,,,,,,,,,,,,,,,,,,,,42064849.0,,2.94,,,,
mcm,7831766339,1677676796586,,2023-03-01 08:19:56.586,1.210613862,,,,,,,,,,,,,,,,,,,,,,,,,,,42124604.0,,2.68,,,,
mcm,7831772814,1677676855590,,2023-03-01 08:20:55.590,1.210613862,,,,,,,,,,,,,,,,,,,,,,,,,,,35856039.0,,14.0,,,,
mcm,7831772814,1677676855590,,2023-03-01 08:20:55.590,1.210613862,,,,,,,,,,,,,,,,,,,,,,,,,,,27403237.0,,4.6,,,,
mcm,7831779442,1677676916062,,2023-03-01 08:21:56.062,1.210613862,,,,,,,,,,,,,,,,,,,,,,,,,,,42124604.0,,2.7,,,,
mcm,7831779442,1677676916062,,2023-03-01 08:21:56.062,1.210613862,,,,,,,,,,,,,,,,,,,,,,,,,,,42064849.0,,2.96,,,,
mcm,7831785568,1677676976480,,2023-03-01 08:22:56.480,1.210613862,,,,,,,,,,,,,,,,,,,,,,,,,,,42064849.0,,2.9,,,,
mcm,7831785568,1677676976480,,2023-03-01 08:22:56.480,1.210613862,,,,,,,,,,,,,,,,,,,,,,,,,,,35856039.0,,13.0,,,,
mcm,7831791520,1677677036482,,2023-03-01 08:23:56.482,1.210613862,,,,,,,,,,,,,,,,,,,,,,,,,,,42124604.0,,2.68,,,,
mcm,7831797285,1677677096048,,2023-03-01 08:24:56.048,1.210613862,,,,,,,,,,,,,,,,,,,,,,,,,,,42124604.0,,2.7,,,,
mcm,7831797285,1677677096048,,2023-03-01 08:24:56.048,1.210613862,,,,,,,,,,,,,,,,,,,,,,,,,,,42064849.0,,2.92,,,,
mcm,7831797285,1677677096048,,2023-03-01 08:24:56.048,1.210613862,,,,,,,,,,,,,,,,,,,,,,,,,,,35856039.0,,13.5,,,,
mcm,7831802937,1677677156516,,2023-03-01 08:25:56.516,1.210613862,,,,,,,,,,,,,,,,,,,,,,,,,,,42124604.0,,2.66,,,,
mcm,7831802937,1677677156516,,2023-03-01 08:25:56.516,1.210613862,,,,,,,,,,,,,,,,,,,,,,,,,,,27403237.0,,4.7,,,,
mcm,7831814238,1677677276574,,2023-03-01 08:27:56.574,1.210613862,,,,,,,,,,,,,,,,,,,,,,,,,,,27403237.0,,4.6,,,,
mcm,7831826095,1677677396430,,2023-03-01 08:29:56.430,1.210613862,,,,,,,,,,,,,,,,,,,,,,,,,,,35856039.0,,14.0,,,,
mcm,7831826095,1677677396430,,2023-03-01 08:29:56.430,1.210613862,,,,,,,,,,,,,,,,,,,,,,,,,,,27403237.0,,4.7,,,,
mcm,7831832380,1677677456485,,2023-03-01 08:30:56.485,1.210613862,,,,,,,,,,,,,,,,,,,,,,,,,,,42064849.0,,2.94,,,,
mcm,7831838141,1677677516563,,2023-03-01 08:31:56.563,1.210613862,,,,,,,,,,,,,,,,,,,,,,,,,,,42064849.0,,2.92,,,,
mcm,7831843878,1677677576566,,2023-03-01 08:32:56.566,1.210613862,,,,,,,,,,,,,,,,,,,,,,,,,,,35856039.0,,14.5,,,,
mcm,7831843878,1677677576566,,2023-03-01 08:32:56.566,1.210613862,,,,,,,,,,,,,,,,,,,,,,,,,,,27403237.0,,4.6,,,,
mcm,7831849816,1677677636542,,2023-03-01 08:33:56.542,1.210613862,,,,,,,,,,,,,,,,,,,,,,,,,,,42064849.0,,2.94,,,,
mcm,7831856453,1677677696419,,2023-03-01 08:34:56.419,1.210613862,,,,,,,,,,,,,,,,,,,,,,,,,,,42064849.0,,2.9,,,,
mcm,7831863281,1677677756547,,2023-03-01 08:35:56.547,1.210613862,,,,,,,,,,,,,,,,,,,,,,,,,,,42124604.0,,2.6,,,,
mcm,7831863281,1677677756547,,2023-03-01 08:35:56.547,1.210613862,,,,,,,,,,,,,,,,,,,,,,,,,,,35856039.0,,15.5,,,,
mcm,7831863281,1677677756547,,2023-03-01 08:35:56.547,1.210613862,,,,,,,,,,,,,,,,,,,,,,,,,,,27403237.0,,4.7,,,,
mcm,7831869929,1677677814968,,2023-03-01 08:36:54.968,1.210613862,,,,,,,,,,,,,,,,,,,,,,,,,,,42124604.0,,2.64,,,,
mcm,7831869929,1677677814968,,2023-03-01 08:36:54.968,1.210613862,,,,,,,,,,,,,,,,,,,,,,,,,,,27403237.0,,4.8,,,,
mcm,7831876610,1677677876523,,2023-03-01 08:37:56.523,1.210613862,,,,,,,,,,,,,,,,,,,,,,,,,,,42124604.0,,2.62,,,,
mcm,7831884852,1677677936536,,2023-03-01 08:38:56.536,1.210613862,,,,,,,,,,,,,,,,,,,,,,,,,,,42124604.0,,2.6,,,,
mcm,7831884852,1677677936536,,2023-03-01 08:38:56.536,1.210613862,,,,,,,,,,,,,,,,,,,,,,,,,,,35856039.0,,15.0,,,,
mcm,7831902869,1677678056504,,2023-03-01 08:40:56.504,1.210613862,,,,,,,,,,,,,,,,,,,,,,,,,,,42064849.0,,2.88,,,,
mcm,7831911684,1677678116394,,2023-03-01 08:41:56.394,1.210613862,,,,,,,,,,,,,,,,,,,,,,,,,,,42064849.0,,2.9,,,,
mcm,7831920674,1677678176587,,2023-03-01 08:42:56.587,1.210613862,,,,,,,,,,,,,,,,,,,,,,,,,,,42124604.0,,2.64,,,,
mcm,7831920674,1677678176587,,2023-03-01 08:42:56.587,1.210613862,,,,,,,,,,,,,,,,,,,,,,,,,,,35856039.0,,14.5,,,,
mcm,7831930066,1677678236555,,2023-03-01 08:43:56.555,1.210613862,,,,,,,,,,,,,,,,,,,,,,,,,,,42124604.0,,2.6,,,,
mcm,7831957558,1677678416561,,2023-03-01 08:46:56.561,1.210613862,,,,,,,,,,,,,,,,,,,,,,,,,,,42124604.0,,2.64,,,,
mcm,7831966222,1677678476562,,2023-03-01 08:47:56.562,1.210613862,,,,,,,,,,,,,,,,,,,,,,,,,,,42064849.0,,2.96,,,,
mcm,7831975041,1677678536567,,2023-03-01 08:48:56.567,1.210613862,,,,,,,,,,,,,,,,,,,,,,,,,,,42124604.0,,2.62,,,,
mcm,7831983298,1677678596538,,2023-03-01 08:49:56.538,1.210613862,,,,,,,,,,,,,,,,,,,,,,,,,,,42064849.0,,2.9,,,,
mcm,7831983298,1677678596538,,2023-03-01 08:49:56.538,1.210613862,,,,,,,,,,,,,,,,,,,,,,,,,,,35856039.0,,15.5,,,,
mcm,7831991281,1677678656495,,2023-03-01 08:50:56.495,1.210613862,,,,,,,,,,,,,,,,,,,,,,,,,,,35856039.0,,15.0,,,,
mcm,7831999200,1677678716580,,2023-03-01 08:51:56.580,1.210613862,,,,,,,,,,,,,,,,,,,,,,,,,,,27403237.0,,4.9,,,,
mcm,7832006713,1677678776535,,2023-03-01 08:52:56.535,1.210613862,,,,,,,,,,,,,,,,,,,,,,,,,,,35856039.0,,15.5,,,,
mcm,7832006713,1677678776535,,2023-03-01 08:52:56.535,1.210613862,,,,,,,,,,,,,,,,,,,,,,,,,,,27403237.0,,4.8,,,,
mcm,7832013937,1677678836554,,2023-03-01 08:53:56.554,1.210613862,,,,,,,,,,,,,,,,,,,,,,,,,,,42124604.0,,2.58,,,,
mcm,7832013937,1677678836554,,2023-03-01 08:53:56.554,1.210613862,,,,,,,,,,,,,,,,,,,,,,,,,,,42064849.0,,2.92,,,,
mcm,7832021023,1677678896571,,2023-03-01 08:54:56.571,1.210613862,,,,,,,,,,,,,,,,,,,,,,,,,,,42124604.0,,2.62,,,,
mcm,7832021023,1677678896571,,2023-03-01 08:54:56.571,1.210613862,,,,,,,,,,,,,,,,,,,,,,,,,,,42064849.0,,2.9,,,,
mcm,7832021023,1677678896571,,2023-03-01 08:54:56.571,1.210613862,,,,,,,,,,,,,,,,,,,,,,,,,,,35856039.0,,16.0,,,,
mcm,7832028270,1677678956422,,2023-03-01 08:55:56.422,1.210613862,,,,,,,,,,,,,,,,,,,,,,,,,,,42124604.0,,2.6,,,,
mcm,7832028270,1677678956422,,2023-03-01 08:55:56.422,1.210613862,,,,,,,,,,,,,,,,,,,,,,,,,,,35856039.0,,15.5,,,,
mcm,7832028270,1677678956422,,2023-03-01 08:55:56.422,1.210613862,,,,,,,,,,,,,,,,,,,,,,,,,,,27403237.0,,4.9,,,,
mcm,7832035448,1677679015849,,2023-03-01 08:56:55.849,1.210613862,,,,,,,,,,,,,,,,,,,,,,,,,,,42064849.0,,2.88,,,,
mcm,7832042070,1677679075609,,2023-03-01 08:57:55.609,1.210613862,,,,,,,,,,,,,,,,,,,,,,,,,,,42124604.0,,2.54,,,,
mcm,7832042070,1677679075609,,2023-03-01 08:57:55.609,1.210613862,,,,,,,,,,,,,,,,,,,,,,,,,,,42064849.0,,2.9,,,,
mcm,7832042070,1677679075609,,2023-03-01 08:57:55.609,1.210613862,,,,,,,,,,,,,,,,,,,,,,,,,,,35856039.0,,16.5,,,,
mcm,7832049126,1677679136480,,2023-03-01 08:58:56.480,1.210613862,0.0,ODDS,True,True,GB,True,True,32144451,7,False,5.0,2023-03-01T14:20:00.000Z,WIN,4.0,1.0,2023-03-01T13:50:00.000Z,True,['MR_INT'],,OPEN,2023-03-01T14:20:00.000Z,Europe/London,True,Musselburgh,5081027368.0,,42124604.0,,2.56,,,,
mcm,7832049126,1677679136480,,2023-03-01 08:58:56.480,1.210613862,0.0,ODDS,True,True,GB,True,True,32144451,7,False,5.0,2023-03-01T14:20:00.000Z,WIN,4.0,1.0,2023-03-01T13:50:00.000Z,True,['MR_INT'],,OPEN,2023-03-01T14:20:00.000Z,Europe/London,True,Musselburgh,5081027368.0,,42064849.0,,2.94,,,,
mcm,7832049126,1677679136480,,2023-03-01 08:58:56.480,1.210613862,0.0,ODDS,True,True,GB,True,True,32144451,7,False,5.0,2023-03-01T14:20:00.000Z,WIN,4.0,1.0,2023-03-01T13:50:00.000Z,True,['MR_INT'],,OPEN,2023-03-01T14:20:00.000Z,Europe/London,True,Musselburgh,5081027368.0,,27403237.0,,4.7,,,,
mcm,7832055910,1677679196062,,2023-03-01 08:59:56.062,1.210613862,,,,,,,,,,,,,,,,,,,,,,,,,,,42064849.0,,3.0,,,,
mcm,7832055910,1677679196062,,2023-03-01 08:59:56.062,1.210613862,,,,,,,,,,,,,,,,,,,,,,,,,,,35856039.0,,17.0,,,,
mcm,7832055910,1677679196062,,2023-03-01 08:59:56.062,1.210613862,,,,,,,,,,,,,,,,,,,,,,,,,,,27403237.0,,4.6,,,,
mcm,7832062891,1677679256056,,2023-03-01 09:00:56.056,1.210613862,,,,,,,,,,,,,,,,,,,,,,,,,,,42064849.0,,3.05,,,,
mcm,7832062891,1677679256056,,2023-03-01 09:00:56.056,1.210613862,,,,,,,,,,,,,,,,,,,,,,,,,,,35856039.0,,16.5,,,,
mcm,7832069058,1677679315228,,2023-03-01 09:01:55.228,1.210613862,,,,,,,,,,,,,,,,,,,,,,,,,,,42124604.0,,2.54,,,,
mcm,7832069058,1677679315228,,2023-03-01 09:01:55.228,1.210613862,,,,,,,,,,,,,,,,,,,,,,,,,,,42064849.0,,3.0,,,,
mcm,7832075623,1677679376589,,2023-03-01 09:02:56.589,1.210613862,,,,,,,,,,,,,,,,,,,,,,,,,,,42124604.0,,2.52,,,,
mcm,7832082099,1677679436278,,2023-03-01 09:03:56.278,1.210613862,,,,,,,,,,,,,,,,,,,,,,,,,,,42124604.0,,2.5,,,,
mcm,7832082099,1677679436278,,2023-03-01 09:03:56.278,1.210613862,,,,,,,,,,,,,,,,,,,,,,,,,,,42064849.0,,3.1,,,,
mcm,7832082099,1677679436278,,2023-03-01 09:03:56.278,1.210613862,,,,,,,,,,,,,,,,,,,,,,,,,,,35856039.0,,17.0,,,,
mcm,7832082099,1677679436278,,2023-03-01 09:03:56.278,1.210613862,,,,,,,,,,,,,,,,,,,,,,,,,,,27403237.0,,4.7,,,,
mcm,7832089076,1677679496453,,2023-03-01 09:04:56.453,1.210613862,,,,,,,,,,,,,,,,,,,,,,,,,,,42064849.0,,3.05,,,,
mcm,7832089076,1677679496453,,2023-03-01 09:04:56.453,1.210613862,,,,,,,,,,,,,,,,,,,,,,,,,,,35856039.0,,16.5,,,,
mcm,7832089076,1677679496453,,2023-03-01 09:04:56.453,1.210613862,,,,,,,,,,,,,,,,,,,,,,,,,,,27403237.0,,4.6,,,,
mcm,7832096413,1677679556436,,2023-03-01 09:05:56.436,1.210613862,,,,,,,,,,,,,,,,,,,,,,,,,,,27403237.0,,4.7,,,,
mcm,7832103501,1677679616520,,2023-03-01 09:06:56.520,1.210613862,,,,,,,,,,,,,,,,,,,,,,,,,,,42124604.0,,2.58,,,,
mcm,7832103501,1677679616520,,2023-03-01 09:06:56.520,1.210613862,,,,,,,,,,,,,,,,,,,,,,,,,,,42064849.0,,3.0,,,,
mcm,7832103501,1677679616520,,2023-03-01 09:06:56.520,1.210613862,,,,,,,,,,,,,,,,,,,,,,,,,,,35856039.0,,14.0,,,,
mcm,7832103501,1677679616520,,2023-03-01 09:06:56.520,1.210613862,,,,,,,,,,,,,,,,,,,,,,,,,,,27403237.0,,4.6,,,,
mcm,7832110247,1677679676105,,2023-03-01 09:07:56.105,1.210613862,,,,,,,,,,,,,,,,,,,,,,,,,,,35856039.0,,14.5,,,,
mcm,7832117121,1677679736555,,2023-03-01 09:08:56.555,1.210613862,,,,,,,,,,,,,,,,,,,,,,,,,,,42124604.0,,2.56,,,,
mcm,7832117121,1677679736555,,2023-03-01 09:08:56.555,1.210613862,,,,,,,,,,,,,,,,,,,,,,,,,,,27403237.0,,4.7,,,,
mcm,7832123612,1677679796403,,2023-03-01 09:09:56.403,1.210613862,,,,,,,,,,,,,,,,,,,,,,,,,,,42124604.0,,2.6,,,,
mcm,7832123612,1677679796403,,2023-03-01 09:09:56.403,1.210613862,,,,,,,,,,,,,,,,,,,,,,,,,,,35856039.0,,15.0,,,,
mcm,7832123612,1677679796403,,2023-03-01 09:09:56.403,1.210613862,,,,,,,,,,,,,,,,,,,,,,,,,,,27403237.0,,4.6,,,,
mcm,7832130227,1677679856568,,2023-03-01 09:10:56.568,1.210613862,,,,,,,,,,,,,,,,,,,,,,,,,,,42124604.0,,2.56,,,,
mcm,7832136885,1677679916523,,2023-03-01 09:11:56.523,1.210613862,,,,,,,,,,,,,,,,,,,,,,,,,,,35856039.0,,15.5,,,,
mcm,7832143577,1677679976521,,2023-03-01 09:12:56.521,1.210613862,,,,,,,,,,,,,,,,,,,,,,,,,,,35856039.0,,16.0,,,,
mcm,7832150273,1677680036491,,2023-03-01 09:13:56.491,1.210613862,,,,,,,,,,,,,,,,,,,,,,,,,,,42124604.0,,2.58,,,,
mcm,7832150273,1677680036491,,2023-03-01 09:13:56.491,1.210613862,,,,,,,,,,,,,,,,,,,,,,,,,,,42064849.0,,2.98,,,,
mcm,7832150273,1677680036491,,2023-03-01 09:13:56.491,1.210613862,,,,,,,,,,,,,,,,,,,,,,,,,,,35856039.0,,16.5,,,,
mcm,7832150273,1677680036491,,2023-03-01 09:13:56.491,1.210613862,,,,,,,,,,,,,,,,,,,,,,,,,,,27403237.0,,4.7,,,,
mcm,7832156362,1677680096551,,2023-03-01 09:14:56.551,1.210613862,,,,,,,,,,,,,,,,,,,,,,,,,,,42064849.0,,2.94,,,,
mcm,7832156362,1677680096551,,2023-03-01 09:14:56.551,1.210613862,,,,,,,,,,,,,,,,,,,,,,,,,,,35856039.0,,17.0,,,,
mcm,7832156362,1677680096551,,2023-03-01 09:14:56.551,1.210613862,,,,,,,,,,,,,,,,,,,,,,,,,,,27403237.0,,4.6,,,,
mcm,7832163036,1677680156572,,2023-03-01 09:15:56.572,1.210613862,,,,,,,,,,,,,,,,,,,,,,,,,,,42124604.0,,2.62,,,,
mcm,7832163036,1677680156572,,2023-03-01 09:15:56.572,1.210613862,,,,,,,,,,,,,,,,,,,,,,,,,,,35856039.0,,15.0,,,,
mcm,7832163036,1677680156572,,2023-03-01 09:15:56.572,1.210613862,,,,,,,,,,,,,,,,,,,,,,,,,,,27403237.0,,4.7,,,,
mcm,7832170283,1677680216581,,2023-03-01 09:16:56.581,1.210613862,,,,,,,,,,,,,,,,,,,,,,,,,,,42064849.0,,2.86,,,,
mcm,7832170283,1677680216581,,2023-03-01 09:16:56.581,1.210613862,,,,,,,,,,,,,,,,,,,,,,,,,,,35856039.0,,14.5,,,,
mcm,7832170283,1677680216581,,2023-03-01 09:16:56.581,1.210613862,,,,,,,,,,,,,,,,,,,,,,,,,,,27403237.0,,4.9,,,,
mcm,7832177706,1677680276576,,2023-03-01 09:17:56.576,1.210613862,,,,,,,,,,,,,,,,,,,,,,,,,,,42124604.0,,2.66,,,,
mcm,7832177706,1677680276576,,2023-03-01 09:17:56.576,1.210613862,,,,,,,,,,,,,,,,,,,,,,,,,,,42064849.0,,2.84,,,,
mcm,7832177706,1677680276576,,2023-03-01 09:17:56.576,1.210613862,,,,,,,,,,,,,,,,,,,,,,,,,,,35856039.0,,14.0,,,,
mcm,7832177706,1677680276576,,2023-03-01 09:17:56.576,1.210613862,,,,,,,,,,,,,,,,,,,,,,,,,,,27403237.0,,4.8,,,,
mcm,7832186122,1677680336544,,2023-03-01 09:18:56.544,1.210613862,,,,,,,,,,,,,,,,,,,,,,,,,,,42064849.0,,2.74,,,,
mcm,7832186122,1677680336544,,2023-03-01 09:18:56.544,1.210613862,,,,,,,,,,,,,,,,,,,,,,,,,,,35856039.0,,14.5,,,,
mcm,7832186122,1677680336544,,2023-03-01 09:18:56.544,1.210613862,,,,,,,,,,,,,,,,,,,,,,,,,,,27403237.0,,5.2,,,,
mcm,7832194595,1677680396538,,2023-03-01 09:19:56.538,1.210613862,,,,,,,,,,,,,,,,,,,,,,,,,,,42124604.0,,2.7,,,,
mcm,7832194595,1677680396538,,2023-03-01 09:19:56.538,1.210613862,,,,,,,,,,,,,,,,,,,,,,,,,,,42064849.0,,2.68,,,,
mcm,7832203337,1677680456512,,2023-03-01 09:20:56.512,1.210613862,,,,,,,,,,,,,,,,,,,,,,,,,,,42124604.0,,2.72,,,,
mcm,7832203337,1677680456512,,2023-03-01 09:20:56.512,1.210613862,,,,,,,,,,,,,,,,,,,,,,,,,,,42064849.0,,2.64,,,,
mcm,7832203337,1677680456512,,2023-03-01 09:20:56.512,1.210613862,,,,,,,,,,,,,,,,,,,,,,,,,,,35856039.0,,13.5,,,,
mcm,7832203337,1677680456512,,2023-03-01 09:20:56.512,1.210613862,,,,,,,,,,,,,,,,,,,,,,,,,,,27403237.0,,5.4,,,,
mcm,7832212310,1677680516555,,2023-03-01 09:21:56.555,1.210613862,,,,,,,,,,,,,,,,,,,,,,,,,,,42064849.0,,2.62,,,,
mcm,7832212310,1677680516555,,2023-03-01 09:21:56.555,1.210613862,,,,,,,,,,,,,,,,,,,,,,,,,,,35856039.0,,14.0,,,,
mcm,7832212310,1677680516555,,2023-03-01 09:21:56.555,1.210613862,,,,,,,,,,,,,,,,,,,,,,,,,,,27403237.0,,5.6,,,,
mcm,7832221362,1677680576442,,2023-03-01 09:22:56.442,1.210613862,,,,,,,,,,,,,,,,,,,,,,,,,,,42124604.0,,2.68,,,,
mcm,7832230581,1677680636541,,2023-03-01 09:23:56.541,1.210613862,,,,,,,,,,,,,,,,,,,,,,,,,,,42064849.0,,2.54,,,,
mcm,7832230581,1677680636541,,2023-03-01 09:23:56.541,1.210613862,,,,,,,,,,,,,,,,,,,,,,,,,,,27403237.0,,6.0,,,,
mcm,7832238905,1677680696341,,2023-03-01 09:24:56.341,1.210613862,1.0,ODDS,True,True,GB,True,True,32144451,7,True,5.0,2023-03-01T14:20:00.000Z,WIN,4.0,1.0,2023-03-01T13:50:00.000Z,True,['MR_INT'],,OPEN,2023-03-01T14:20:00.000Z,Europe/London,True,Musselburgh,5081061751.0,,42124604.0,,2.74,,,,
mcm,7832238905,1677680696341,,2023-03-01 09:24:56.341,1.210613862,1.0,ODDS,True,True,GB,True,True,32144451,7,True,5.0,2023-03-01T14:20:00.000Z,WIN,4.0,1.0,2023-03-01T13:50:00.000Z,True,['MR_INT'],,OPEN,2023-03-01T14:20:00.000Z,Europe/London,True,Musselburgh,5081061751.0,,42064849.0,,2.46,,,,
mcm,7832238905,1677680696341,,2023-03-01 09:24:56.341,1.210613862,1.0,ODDS,True,True,GB,True,True,32144451,7,True,5.0,2023-03-01T14:20:00.000Z,WIN,4.0,1.0,2023-03-01T13:50:00.000Z,True,['MR_INT'],,OPEN,2023-03-01T14:20:00.000Z,Europe/London,True,Musselburgh,5081061751.0,,35856039.0,,16.5,,,,
mcm,7832247064,1677680756579,,2023-03-01 09:25:56.579,1.210613862,,,,,,,,,,,,,,,,,,,,,,,,,,,42124604.0,,3.3,,,,
mcm,7832247064,1677680756579,,2023-03-01 09:25:56.579,1.210613862,,,,,,,,,,,,,,,,,,,,,,,,,,,42064849.0,,1.97,,,,
mcm,7832247064,1677680756579,,2023-03-01 09:25:56.579,1.210613862,,,,,,,,,,,,,,,,,,,,,,,,,,,35856039.0,,21.0,,,,
mcm,7832247064,1677680756579,,2023-03-01 09:25:56.579,1.210613862,,,,,,,,,,,,,,,,,,,,,,,,,,,27403237.0,,7.2,,,,
mcm,7832255141,1677680816565,,2023-03-01 09:26:56.565,1.210613862,,,,,,,,,,,,,,,,,,,,,,,,,,,42124604.0,,3.75,,,,
mcm,7832255141,1677680816565,,2023-03-01 09:26:56.565,1.210613862,,,,,,,,,,,,,,,,,,,,,,,,,,,42064849.0,,1.79,,,,
mcm,7832255141,1677680816565,,2023-03-01 09:26:56.565,1.210613862,,,,,,,,,,,,,,,,,,,,,,,,,,,35856039.0,,13.5,,,,
mcm,7832255141,1677680816565,,2023-03-01 09:26:56.565,1.210613862,,,,,,,,,,,,,,,,,,,,,,,,,,,27403237.0,,9.8,,,,
mcm,7832263086,1677680876511,,2023-03-01 09:27:56.511,1.210613862,,,,,,,,,,,,,,,,,,,,,,,,,,,42124604.0,,4.1,,,,
mcm,7832263086,1677680876511,,2023-03-01 09:27:56.511,1.210613862,,,,,,,,,,,,,,,,,,,,,,,,,,,42064849.0,,1.52,,,,
mcm,7832263086,1677680876511,,2023-03-01 09:27:56.511,1.210613862,,,,,,,,,,,,,,,,,,,,,,,,,,,35856039.0,,9.4,,,,
mcm,7832263086,1677680876511,,2023-03-01 09:27:56.511,1.210613862,,,,,,,,,,,,,,,,,,,,,,,,,,,27403237.0,,38.0,,,,
mcm,7832279225,1677680936507,,2023-03-01 09:28:56.507,1.210613862,,,,,,,,,,,,,,,,,,,,,,,,,,,42124604.0,,4.4,,,,
mcm,7832279225,1677680936507,,2023-03-01 09:28:56.507,1.210613862,,,,,,,,,,,,,,,,,,,,,,,,,,,42064849.0,,1.57,,,,
mcm,7832279225,1677680936507,,2023-03-01 09:28:56.507,1.210613862,,,,,,,,,,,,,,,,,,,,,,,,,,,35856039.0,,7.4,,,,
mcm,7832279225,1677680936507,,2023-03-01 09:28:56.507,1.210613862,,,,,,,,,,,,,,,,,,,,,,,,,,,27403237.0,,70.0,,,,
mcm,7832287538,1677680996558,,2023-03-01 09:29:56.558,1.210613862,,,,,,,,,,,,,,,,,,,,,,,,,,,42124604.0,,1000.0,,,,
mcm,7832287538,1677680996558,,2023-03-01 09:29:56.558,1.210613862,,,,,,,,,,,,,,,,,,,,,,,,,,,42064849.0,,1.01,,,,
mcm,7832287538,1677680996558,,2023-03-01 09:29:56.558,1.210613862,,,,,,,,,,,,,,,,,,,,,,,,,,,35856039.0,,170.0,,,,
mcm,7832287538,1677680996558,,2023-03-01 09:29:56.558,1.210613862,,,,,,,,,,,,,,,,,,,,,,,,,,,27403237.0,,250.0,,,,
mcm,7832295779,1677681056584,,2023-03-01 09:30:56.584,1.210613862,1.0,ODDS,True,True,GB,True,True,32144451,7,True,5.0,2023-03-01T14:20:00.000Z,WIN,4.0,1.0,2023-03-01T13:50:00.000Z,True,['MR_INT'],,SUSPENDED,2023-03-01T14:20:00.000Z,Europe/London,True,Musselburgh,5081066834.0,,35856039.0,,1000.0,,,,
mcm,7832295779,1677681056584,,2023-03-01 09:30:56.584,1.210613862,1.0,ODDS,True,True,GB,True,True,32144451,7,True,5.0,2023-03-01T14:20:00.000Z,WIN,4.0,1.0,2023-03-01T13:50:00.000Z,True,['MR_INT'],,SUSPENDED,2023-03-01T14:20:00.000Z,Europe/London,True,Musselburgh,5081066834.0,,27403237.0,,1000.0,,,,
mcm,7832304177,1677681116358,,2023-03-01 09:31:56.358,1.210613862,1.0,ODDS,True,True,GB,False,True,32144451,7,True,5.0,2023-03-01T14:20:00.000Z,WIN,0.0,1.0,2023-03-01T13:50:00.000Z,True,['MR_INT'],,CLOSED,2023-03-01T14:20:00.000Z,Europe/London,True,Musselburgh,5081067999.0,,,,,,,,
